Keys/Chinese (Simplified),Default
Ship Sunk/沉没,Default
Keys/Chinese (Simplified),Server Browser
All/所有,Server Browser
Community/社区,Server Browser
Connect/连接,Server Browser
Connected/已连接,Server Browser
Connecting/连接中,Server Browser
Disconnected/已断开连接,Server Browser
Disconnecting/断开连接中,Server Browser
Filters/过滤器,Server Browser
Game Type/游戏类型,Server Browser
Join Official Server/加入官方服务器,Server Browser
Join Other Server/加入自定义服务器,Server Browser
Join Server/加入服务器,Server Browser
Latency/延迟,Server Browser
Lobby Status/大厅状态,Server Browser
Locked/有密码,Server Browser
Map/地图,Server Browser
Official/官方,Server Browser
Players/玩家人数,Server Browser
Privacy/私密,Server Browser
Public/开放,Server Browser
Refresh/刷新,Server Browser
Region/地区,Server Browser
Search/搜索,Server Browser
Server Address/服务器地址,Server Browser
Server Browser/服务器浏览器,Server Browser
Server Name/服务器名称,Server Browser
Server Password/服务器密码,Server Browser
Server Port/服务器端口,Server Browser
Server Type/服务器类型,Server Browser
Show Empty Servers/显示空服务器,Server Browser
Show Favorites Only/仅显示收藏夹,Server Browser
Show Full Servers/显示已满服务器,Server Browser
Show Private Servers/显示锁定的服务器,Server Browser
Status/状态,Server Browser
Favourites/收藏,Server Browser
SelectServer/选择服务器,Server Browser
EnterPassword/输入密码...,Server Browser
EnterServerAddress/输入服务器地址...,Server Browser
Keys/Chinese (Simplified),DefensiveEmplacements
Ammobox/弹药箱,DefensiveEmplacements
ArtilleryMenu/炮兵,DefensiveEmplacements
CannotPlaceObject/您无法在此处放置物体。,DefensiveEmplacements
ChevauxDeFriseLarge/Chevaux De Frize（l）,DefensiveEmplacements
ChevauxDeFriseSmall/Chevaux De Frize（s）,DefensiveEmplacements
DefensiveEmplacementsMenu/防御建筑,DefensiveEmplacements
Earthworks/土木工程,DefensiveEmplacements
EarthworksMenu/土木工程,DefensiveEmplacements
EmplacementBuildLimitExceeded/无法建造{0}，因为此类型的建筑太多。,DefensiveEmplacements
EmplacementPlaced/已放置{0}。,DefensiveEmplacements
ExplosiveBarrel/爆炸桶,DefensiveEmplacements
Gabion/石笼,DefensiveEmplacements
HammerConstructMode/掩体建造模式,DefensiveEmplacements
HammerDeconstructMode/掩体拆除模式,DefensiveEmplacements
HammerNotEquipped/你需要装备一个锤子来完成这个操作。,DefensiveEmplacements
InfantryStakes/矛刺木桩,DefensiveEmplacements
LeftClick/鼠标左键点击,DefensiveEmplacements
MaterialPoints/材料点,DefensiveEmplacements
Materials/材料,DefensiveEmplacements
MaterialsRequired/所需材料：,DefensiveEmplacements
None/无,DefensiveEmplacements
NotEnoughMaterials/您的阵营没有足够的材料来建造此建筑。,DefensiveEmplacements
RocketStack/火箭堆,DefensiveEmplacements
Sandbags/沙包,DefensiveEmplacements
SpadeConstructMode/挖掘模式,DefensiveEmplacements
SpadeDeconstructMode/填平模式,DefensiveEmplacements
SwitchedSapperMode/切换模式为：{0},DefensiveEmplacements
SwivelGunBarrel/速射炮,DefensiveEmplacements
Keys/Chinese (Simplified),CenterScreenScorePanel
ObjectiveCaptured/已占领,CenterScreenScorePanel
Keys/Chinese (Simplified),Game Modes
ArmyAssault/陆战突击,Game Modes
ArmyBattlefield/陆战战场,Game Modes
ArmyConquest/陆战征服,Game Modes
ArmyDeathmatch/陆战死斗,Game Modes
ArmySiege/陆战攻城,Game Modes
CoastalSiege/沿海攻城,Game Modes
MeleeArena/近战竞技,Game Modes
NavalAssault/海战突击,Game Modes
NavalBattlefield/海战战场,Game Modes
Keys/Chinese (Simplified),Game Types
Hardcore/硬核,Game Types
Standard/标准,Game Types
Keys/Chinese (Simplified),Spawn Details Menu
Attributes/属性,Spawn Details Menu
Back/后退,Spawn Details Menu
BattleStartsIn/战斗开始于,Spawn Details Menu
Class/兵种,Spawn Details Menu
Class Selection/选择兵种,Spawn Details Menu
ClassSlotFull/此兵种数量已满。选择另一个兵种。,Spawn Details Menu
Enlist/加入,Spawn Details Menu
Equip/装备,Spawn Details Menu
Faction Reinforcements/阵营后备兵力,Spawn Details Menu
Freeroam Camera/自由漫游视角,Spawn Details Menu
Game Mode Info/游戏模式信息,Spawn Details Menu
Join/加入,Spawn Details Menu
Join Round/开始战斗,Spawn Details Menu
Location/位置,Spawn Details Menu
MaxFactionPlayersReached/阵营中玩家太多。,Spawn Details Menu
Options/选项,Spawn Details Menu
Player/玩家,Spawn Details Menu
Players/玩家,Spawn Details Menu
Select Class/选择兵种,Spawn Details Menu
Select Faction/选择阵营,Spawn Details Menu
Select Spawn/选择增援区域,Spawn Details Menu
Ship Sunk/沉没,Spawn Details Menu
Spawn/增援,Spawn Details Menu
Spawn Out Of Reinforcements/你所在的阵营后备兵力已耗尽，请等待下一回合。,Spawn Details Menu
SpawnContested/该区域正在被敌军争夺，无法用来进行增援。,Spawn Details Menu
Spectate/旁观,Spawn Details Menu
Troops/分队,Spawn Details Menu
Waiting for other players to join/等待其他玩家加入,Spawn Details Menu
Waiting for players to/等待玩家,Spawn Details Menu
You must wait for the next round to spawn/你必须等到下一回合出生,Spawn Details Menu
Regiment/所属编制,Spawn Details Menu
Role/角色,Spawn Details Menu
Health/体能水平,Spawn Details Menu
Agility/行军速度,Spawn Details Menu
Swimming/泅水速度,Spawn Details Menu
Damage/伤害,Spawn Details Menu
Accuracy/准确性,Spawn Details Menu
Range/射程,Spawn Details Menu
Abilities/能力,Spawn Details Menu
Orders/命令,Spawn Details Menu
Traits/性状,Spawn Details Menu
ReloadTime/装填时间,Spawn Details Menu
Ammunition/弹药,Spawn Details Menu
BaseSpawn/大本营,Spawn Details Menu
FortifiedPosition/筑垒阵地,Spawn Details Menu
OpenPlains/开阔平原,Spawn Details Menu
Farm/农场,Spawn Details Menu
Field/田地,Spawn Details Menu
Village/城镇,Spawn Details Menu
Camp/瞭望哨,Spawn Details Menu
Lodge/小屋,Spawn Details Menu
Church/教堂,Spawn Details Menu
Ruins/废墟,Spawn Details Menu
Ship/船,Spawn Details Menu
Port/港口,Spawn Details Menu
LandSpawnSection/陆地出生点,Spawn Details Menu
ShipSpawnSection/船舶出生点,Spawn Details Menu
FactionFull/阵营已满,Spawn Details Menu
Crew/船员,Spawn Details Menu
Keys/Chinese (Simplified),Round End Reasons
0 has won the match/{0}赢得了比赛！,Round End Reasons
All flags have been captured/所有旗帜都已被占领。,Round End Reasons
Both factions have the same number of remaining crew reinforcements/双方阵营拥有相同剩余的增援数量。,Round End Reasons
Both factions have the same number of remaining troop reinforcements and surviving players/双方阵营拥有相同数量的剩余士兵增援和幸存玩家。,Round End Reasons
Both factions have the same number of surviving crewman in the battlefield/双方阵营有着相同数量的战场幸存船员。,Round End Reasons
Both factions have the same number of surviving troops in the battlefield/双方阵营有着相同数量的战场幸存士兵。,Round End Reasons
Both factions have the same number of tickets/双方的票数相同。,Round End Reasons
Gathered more tickets than the other faction/收集比另一阵营更多的票数。,Round End Reasons
Maximum tickets reached/已达到最大票数。,Round End Reasons
Player 0 dominates the battlefield with the greatest number of kills/玩家{0}以最多的杀敌数称霸战场。,Round End Reasons
Round Timer Ended/回合时间结束,Round End Reasons
The 0 Are Victorious/{0}获胜了,Round End Reasons
The 0 Is Victorious/{0}获胜了,Round End Reasons
The 0 crew reinforcements have been depleted/{0}的船员增援已耗尽。,Round End Reasons
The 0 crewmen have been eliminated/{0}的船员已被消灭。,Round End Reasons
The 0 have successfully defended the capture points/{0}成功守住了据点。,Round End Reasons
The 0 have the greater number of kills/{0}的杀敌数更多。,Round End Reasons
The 0 have the greater number of remaining crew reinforcements and surviving players/{0}拥有更多数量的剩余船员增援和幸存玩家。,Round End Reasons
The 0 have the greater number of remaining ships/{0}拥有更多数量的剩余船只。,Round End Reasons
The 0 have the greatest number of remaining troop reinforcements and surviving players/{0}拥有更多数量的剩余船员增援和幸存玩家。,Round End Reasons
The 0 have the most surviving crewmen in the battlefield/{0}拥有最多的战场幸存船员。,Round End Reasons
The 0 have the most surviving troops in the battlefield/{0}拥有最多的战场幸存士兵。,Round End Reasons
The 0 lost control of all the capture points/{0}丢失了所有据点。,Round End Reasons
The 0 lost control of the major capture points/{0}丢失了主据点。,Round End Reasons
The 0 ships have been sunk or captured/{0}的所有船只已经沉没或被俘。,Round End Reasons
The 0 troops in the battlefield have been eliminated/{0}战场上的士兵已被消灭。,Round End Reasons
There are not enough players to continue the match/没有足够的玩家继续比赛。,Round End Reasons
Two or more players have the same number of kills deaths and score/两个或更多的玩家有着相同数量的杀敌数，死亡数和得分。,Round End Reasons
Your faction lost/你的阵营输了！,Round End Reasons
Your faction won/你的阵营赢了！,Round End Reasons
Keys/Chinese (Simplified),Round End UI
Defeat/击败,Round End UI
End of Match/比赛结束,Round End UI
Match Duration/比赛持续时间,Round End UI
Total Rounds/总轮数,Round End UI
Total Score/总得分,Round End UI
Victory/胜利,Round End UI
Keys/Chinese (Simplified),Reinforcements Notifications
The 0 reinforcements have depleted Eliminate the remaining troops on the battlefield/{0}的增援已经耗尽！消灭战场上剩余的士兵。,Reinforcements Notifications
Your reinforcements have been depleted Commit your last stand/你的增援已经耗尽！坚持到最后吧,Reinforcements Notifications
Your reinforcements have been depleted You cannot spawn anymore/你的增援已经耗尽！你已经无法再次加入战斗,Reinforcements Notifications
Keys/Chinese (Simplified),Friendly Fire Notifications
Youve hit a friendly player Watch out/注意！你误伤了队友。,Friendly Fire Notifications
Keys/Chinese (Simplified),Time Values
Wait/等待,Time Values
minute/分,Time Values
minutes/分,Time Values
second/秒,Time Values
seconds/秒,Time Values
Cooldown/冷却,Time Values
Duration/持续时间,Time Values
Sec/秒,Time Values
Min/分,Time Values
Keys/Chinese (Simplified),Breakdown Score Types
Assist Kill/助攻击杀,Breakdown Score Types
Dominating/主宰,Breakdown Score Types
Drowned/溺水,Breakdown Score Types
Enemy Hit/击伤敌人,Breakdown Score Types
Enemy Killed/击杀敌人,Breakdown Score Types
Environment/环境,Breakdown Score Types
Environment Damaged/破坏,Breakdown Score Types
Environment Damaged Assist/助攻,Breakdown Score Types
Fatal Fall/致命击杀,Breakdown Score Types
Flag Bearer Kill/击杀旗手,Breakdown Score Types
Friendly Hit/误伤队友,Breakdown Score Types
FriendlyPlayerDamagedEmplacement/击中友军工事,Breakdown Score Types
FriendlyPlayerDestroyedEmplacement/破坏友军工事,Breakdown Score Types
Headshot/爆头,Breakdown Score Types
Kill Streak/连杀,Breakdown Score Types
Killing Spree/杀人狂魔,Breakdown Score Types
Long Range/远距离,Breakdown Score Types
Multi Kill/多重击杀,Breakdown Score Types
Officer Kill/击杀军官,Breakdown Score Types
Oh thats brutal/不可阻挡,Breakdown Score Types
PlayerBuildingEmplacement/建造工事,Breakdown Score Types
PlayerBuiltEmplacement/完成工事,Breakdown Score Types
PlayerDestroyedEmplacement/摧毁工事,Breakdown Score Types
PlayerDestroyingEmplacement/破坏工事,Breakdown Score Types
PlayerRepairedEmplacement/修复了进驻,Breakdown Score Types
PlayerRepairingArtillery/修理炮弹,Breakdown Score Types
PlayerRepairingEmplacement/修复工事,Breakdown Score Types
Ship Damaged/击中船只,Breakdown Score Types
Ship Damaged Assist/击中船只助攻,Breakdown Score Types
Ship Sunk Assist/击沉助攻,Breakdown Score Types
Ship Sunk Kill/击沉,Breakdown Score Types
Team Kill/误杀队友,Breakdown Score Types
Unstoppable/势不可挡,Breakdown Score Types
is/,Breakdown Score Types
is on a/正在,Breakdown Score Types
Support Class Kill/后勤兵种击杀,Breakdown Score Types
HealedPlayer/治疗玩家,Breakdown Score Types
AssistHealedPlayer/治疗,Breakdown Score Types
InLine/服从命令,Breakdown Score Types
Guard Kill/击杀近卫,Breakdown Score Types
Keys/Chinese (Simplified),Player Classes
British/ArmyInfantryOfficer/步兵军官,Player Classes
British/ArmyLineInfantry/线列步兵,Player Classes
British/ArmyLineInfantry2/线列步兵(92团),Player Classes
British/Bagpiper/风笛手,Player Classes
British/Cannoneer/炮手,Player Classes
British/Carpenter/木匠,Player Classes
British/CoastGuard/海岸守卫,Player Classes
British/Customs/海关步兵,Player Classes
British/Drummer/鼓手,Player Classes
British/Fifer/笛手,Player Classes
British/FlagBearer/旗手,Player Classes
British/Grenadier/掷弹兵,Player Classes
British/Guard/近卫,Player Classes
British/LightInfantry/轻步兵,Player Classes
British/NavalCaptain/舰长,Player Classes
British/NavalMarine/水兵,Player Classes
British/NavalSailor/水手,Player Classes
British/NavalSailor2/熟练水手,Player Classes
British/Rifleman/来复枪兵,Player Classes
British/Surgeon/军医,Player Classes
British/Violinist/小提琴手,Player Classes
French/ArmyInfantryOfficer/步兵军官,Player Classes
French/ArmyLineInfantry/线列步兵,Player Classes
French/ArmyLineInfantry2/线列步兵(维斯杜拉),Player Classes
French/Bagpiper/风笛手,Player Classes
French/Cannoneer/炮手,Player Classes
French/Carpenter/木匠,Player Classes
French/CoastGuard/海岸守卫,Player Classes
French/Customs/海关步兵,Player Classes
French/Drummer/鼓手,Player Classes
French/Fifer/笛手,Player Classes
French/FlagBearer/旗手,Player Classes
French/Grenadier/掷弹兵,Player Classes
French/Guard/近卫,Player Classes
French/LightInfantry/轻步兵,Player Classes
French/NavalCaptain/舰长,Player Classes
French/NavalMarine/水兵,Player Classes
French/NavalSailor/水手,Player Classes
French/NavalSailor2/熟练水手,Player Classes
French/Rifleman/来复枪兵,Player Classes
French/Surgeon/军医,Player Classes
French/Violinist/小提琴手,Player Classes
Prussian/ArmyLineInfantry/线步兵,Player Classes
Prussian/ArmyInfantryOfficer/步兵军官,Player Classes
Prussian/Guard/守护,Player Classes
Prussian/LightInfantry/轻步兵,Player Classes
Prussian/ArmyLineInfantry2/线列步兵（freikorps）,Player Classes
Prussian/Rifleman/步枪兵,Player Classes
Prussian/Surgeon/外科医生,Player Classes
Prussian/FlagBearer/旗手,Player Classes
Prussian/Fifer/笛手,Player Classes
Prussian/Drummer/鼓手,Player Classes
Prussian/Sapper/工兵,Player Classes
Prussian/Cannoneer/炮手,Player Classes
Prussian/Grenadier/掷弹兵,Player Classes
Prussian/Carpenter/木匠,Player Classes
Keys/Chinese (Simplified),GameplayHints
HighCommandArmy/Description/按“{0}”发出指令,GameplayHints
Musician/Description/按“{0}”装备{1},GameplayHints
Engineer/Description/按“{0}”装备锤子,GameplayHints
Medic/Description/按住“{0}”来治疗面前的战友,GameplayHints
GameplayHints/提示,GameplayHints
Tooltips/工具提示,GameplayHints
MusicianToggle/Description/按“{0}”演奏一首曲子,GameplayHints
EngineerToggle/Description/按住'{0}'来建造,GameplayHints
SwitchToMeleeHint/按“{0}”切换到近战模式,GameplayHints
SwitchToFirearmHint/按“{0}”切换到射击模式,GameplayHints
HighCommandArmyToggle/Description/按“{0}”停止下达指令,GameplayHints
OrdersAreDisabled/指令被禁用,GameplayHints
SailForwardDescription/按“{0}”启航,GameplayHints
Keys/Chinese (Simplified),PlayerAbilities
HighCommandArmy/高级指挥官（陆军）,PlayerAbilities
HighCommandArmyDescription/作为步兵指挥官，你可以向普通步兵下达作战命令。,PlayerAbilities
HighCommandNaval/高级指挥官（海军）,PlayerAbilities
HighCommandNavalDescription/作为海军上尉，你拥有操作舰艇的最高优先级。,PlayerAbilities
Medicine/医学,PlayerAbilities
MedicineDescription/你擅长战地医疗，所以可以治疗受伤的友军士兵。,PlayerAbilities
HorsebackRiding/骑术专业训练,PlayerAbilities
HorsebackRidingDescription/你接受过专业的骑术训练，所以可以骑乘战马。,PlayerAbilities
EngineeringSpecialist/工程专家,PlayerAbilities
EngineeringSpecialistDescription/你精通军事工程建设。可以建造各种防御阵地并修理大炮。,PlayerAbilities
EngineeringBasics/工匠,PlayerAbilities
EngineeringBasicsDescription/你并不是十分精通军事工程，但接受的训练已经足够让你帮助专家们修筑工事，或者独立建造一些反步兵工事。,PlayerAbilities
Carpentry/木匠,PlayerAbilities
CarpentryBasics/你很擅长木工活，所以可以修复受损的船只和舰炮。,PlayerAbilities
ArtilleryOperator/野战炮精通,PlayerAbilities
ArtilleryOperatorDescription/你精通各种火炮的操作。你可以优先使用野战炮，攻城炮和迫击炮。,PlayerAbilities
RocketOperator/火箭精通,PlayerAbilities
RocketOperatorDescription/精通火箭的操作。你可以优先使用火箭发射器。,PlayerAbilities
ExplosivesHandling/爆炸物知识,PlayerAbilities
ExplosivesHandlingDescription/你被训练过如何使用爆炸物，所以可以随身携带它。,PlayerAbilities
RankAndFile/线列步兵,PlayerAbilities
RankAndFileDescription/经过长时间的编队训练，严苛的纪律使你可以在军官的指令中获得精准度和近战伤害的增幅，并且可以从音乐家和旗手那里获得进一步的增幅。,PlayerAbilities
Guardsman/近卫步兵,PlayerAbilities
GuardsmanDescription/负有保护指挥官的责任，如果你在附近，友军军官受到的伤害会减少{0}％（可叠加{1}次）。,PlayerAbilities
Musician/音乐家,PlayerAbilities
MusicianDescription/通过演奏音乐协调士兵们的动作，你的音乐可以令附近的士兵枪械精度提高{0}％，如果有另一位音乐家和你合奏，则增幅提升为{1}％。,PlayerAbilities
StandardBearer/军旗手,PlayerAbilities
StandardBearerDescription/在战场上挥舞本国旗帜可以有效提高士气，所以当你拿出旗子的时候，附近的士兵枪械装填速度会提高{0}％。,PlayerAbilities
Abilities/能力,PlayerAbilities
FormLine/组成线列,PlayerAbilities
FormLineDescription/命令部下形成一条线列，以便进行威慑度更强的排枪射击，如果您并未面对目标方向，也可以使用滚轮旋转标记线。,PlayerAbilities
MakeReady/瞄准,PlayerAbilities
MakeReadyDescription/命令部下端起步枪，准备射击。,PlayerAbilities
Fire/开火,PlayerAbilities
FireDescription/命令部下进行齐射，在本轮射击中，你的部下会得到{0}％的枪械精度增幅。,PlayerAbilities
FireAtWill/随意射击,PlayerAbilities
FireAtWillDescription/命令部下进行自由射击，在本轮射击中，你的部下会得到{0}％的枪械精度增幅。,PlayerAbilities
CeaseFire/停火,PlayerAbilities
CeaseFireDescription/命令部下停火。,PlayerAbilities
Charge/刺刀冲锋,PlayerAbilities
ChargeDescription/在集团冲锋前命令士兵上刺刀，可以在短时间内显著提高部下的刺刀伤害。,PlayerAbilities
BreakRankAndFollow/解散线列并跟随指挥官,PlayerAbilities
BreakRankAndFollowDescription/命令部下解散线列，并跟着你进行移动。,PlayerAbilities
Reinforce/呼叫援军,PlayerAbilities
ReinforceDescription/在你的位置放置一个信标，呼叫友军增援。,PlayerAbilities
Orders/命令,PlayerAbilities
Keys/Chinese (Simplified),PlayerEquipment
Spyglass/望远镜,PlayerEquipment
SpyglassDescription/远距离发现敌人。按“{0}”装备望远镜。,PlayerEquipment
Lantern/灯笼,PlayerEquipment
LanternDescription/在黑暗中点亮你的方式或者知道你的位置。按“{0}”装备灯笼。,PlayerEquipment
MarchingDrumFrench/鼓,PlayerEquipment
MarchingDrumBritish/鼓,PlayerEquipment
MarchingDrumPrussian/鼓,PlayerEquipment
MarchingDrumFrenchDescription/盛况和环境。光荣地鼓励你通过战场并支持等级和档案。按“{0}”键配备本乐器。,PlayerEquipment
MarchingDrumBritishDescription/盛况和环境。光荣地鼓励你通过战场并支持等级和档案。按“{0}”键配备本乐器。,PlayerEquipment
MarchingDrumPrussianDescription/盛况和环境。光荣地鼓励你通过战场并支持等级和档案。按“{0}”键配备本乐器。,PlayerEquipment
Musket_SeaServiceBrownBess/海上服务棕色bess,PlayerEquipment
Musket_CharlevilleMarinePatternANIX/Charleville Musket Marine-Pattern An IX,PlayerEquipment
Musket_IndiaPatternBrownBess/印度模式布朗贝丝,PlayerEquipment
Musket_CharlevilleIXXII/Charleville步枪ix / Xiii,PlayerEquipment
Musket_NewLandPatternBrownBess/新的土地模式棕色bess,PlayerEquipment
Musket_CharlevilleGuardPattern/Charleville步枪护卫模式,PlayerEquipment
Musket_NewLandLightInfantryPatternBrownBess/新陆地轻步兵图案棕色贝斯,PlayerEquipment
Musket_CharlevilleDragoonPattern/Charleville步枪模式,PlayerEquipment
Carbine_Elliot/艾略特卡宾枪,PlayerEquipment
Carbine_CharlevilleCavalryIXXIII/Charleville Cavalry Carbine Ix / Xiii,PlayerEquipment
Carbine_1089Pattern/1089型卡宾枪,PlayerEquipment
Rifle_Pattern1800Infantry/贝克步枪（模式1800步兵步枪）,PlayerEquipment
Rifle_CharlevilleDragoonPattern_NoBayonet/Charleville步枪模式,PlayerEquipment
Pistol_SeaService/海上服务手枪,PlayerEquipment
Pistol_XIII/手枪xiii,PlayerEquipment
Pistol_NewLandPattern/新型陆地手枪,PlayerEquipment
Pistol_PrussianHussar/普鲁士轻骑兵手枪,PlayerEquipment
Blunderbuss_Variation1/铳,PlayerEquipment
Blunderbuss_Variation2/铳,PlayerEquipment
Axe2H_Variation1/双手斧,PlayerEquipment
Axe2H_Variation2/双手斧,PlayerEquipment
Carpenter_Adze/木匠锛,PlayerEquipment
Carpenter_Axe/木匠斧头,PlayerEquipment
Sword_Pattern1803FlankOfficer/模式1803侧翼军官的军刀,PlayerEquipment
Sword_1796Heavy/1796年重剑,PlayerEquipment
Sword_XIHeavy/Xi重剑,PlayerEquipment
Sabre_AnXILight/一把光剑,PlayerEquipment
Sabre_1715Pattern/1715年图案军刀,PlayerEquipment
Sabre_PrussianHussar/普鲁士轻骑兵军刀,PlayerEquipment
Sabre_1796PatternLight/1796年图案光剑,PlayerEquipment
Sword_Bayonet/剑刺刀,PlayerEquipment
Sabre_Briquet/佩剑煤球,PlayerEquipment
Hanger_Variation1/衣架,PlayerEquipment
Hanger_Variation2/衣架,PlayerEquipment
Cutlass_1804PatternNaval/1804模式海军弯刀,PlayerEquipment
Cutlass_YearIXBoardingSabre/年ix寄宿军刀,PlayerEquipment
Dagger_Variation1/匕首,PlayerEquipment
Dagger_Variation2/匕首,PlayerEquipment
Knife_Variation1/刀,PlayerEquipment
Knife_Variation2/刀,PlayerEquipment
BoardingPike_Variation1/登船派克,PlayerEquipment
BoardingPike_Variation2/登船派克,PlayerEquipment
Melee/乱斗,PlayerEquipment
Firearm/火器,PlayerEquipment
Miscellaneous/杂,PlayerEquipment
Violin/小提琴,PlayerEquipment
BearingFlagBritish/旗,PlayerEquipment
BearingFlagFrench/旗,PlayerEquipment
BearingFlagPrussian/旗,PlayerEquipment
Bagpipes/风笛,PlayerEquipment
BagpipesDescription/ 一种真正的苏格兰人武器。光荣地穿越战场并支持等级和档案。按“{0}”键配备本乐器。,PlayerEquipment
ConstructingHammer/锤子,PlayerEquipment
DeconstructingHammer/大锤,PlayerEquipment
DiggingSpade/铲,PlayerEquipment
FifeFrench/龠,PlayerEquipment
FifeBritish/龠,PlayerEquipment
FifePrussian/龠,PlayerEquipment
FifeBritishDescription/盛况和环境。光荣地在战场上肆意挥洒，支持等级和档案。按“{0}”键配备本乐器。,PlayerEquipment
FifePrussianDescription/盛况和环境。光荣地在战场上肆意挥洒，支持等级和档案。按“{0}”键配备本乐器。,PlayerEquipment
FifeFrenchDescription/盛况和环境。光荣地在战场上肆意挥洒，支持等级和档案。按“{0}”键配备本乐器。,PlayerEquipment
Damage/损伤,PlayerEquipment
Reach/达到,PlayerEquipment
Accuracy/准确性,PlayerEquipment
ReloadTime/重装时间,PlayerEquipment
AbleToBlock/能够阻止,PlayerEquipment
StrikeDirections/罢工方向,PlayerEquipment
Range/范围,PlayerEquipment
Yes/是,PlayerEquipment
No/没有,PlayerEquipment
Seconds/秒,PlayerEquipment
Ammunition/弹药,PlayerEquipment
Shots/镜头,PlayerEquipment
Bayonet/刺刀,PlayerEquipment
Speed/速度,PlayerEquipment
ViolinDescription/纤细的颈部，优雅的弧形身体和光滑的表面。在一位大师的手中，它像是一个令人难以忘怀的警笛声。按“{0}”键配备本乐器。,PlayerEquipment
BayonetDescription/步枪的尖端结束。将它附加到您可信赖的枪支上并按“{0}”将其用作长矛。,PlayerEquipment
MusketDescription/装有枪口的枪口装有尖头。一起制造，他们是你快速工作的最佳选择。,PlayerEquipment
RifleDescription/Crackshot的首选武器。在远距离有效，它是一个厌倦的枪支。,PlayerEquipment
CarbineDescription/比步枪更短，更轻，更容易处理。骑在马背上的单位或承载重物的单位是首选。,PlayerEquipment
PistolDescription/单发枪口装载枪支受其短程和损坏限制但快速重装。前线部队的坚实防守选择。,PlayerEquipment
BlunderbussDescription/猎枪。能够一次结束多个步兵。,PlayerEquipment
CutlassDescription/一种主要与海军相关的野蛮削减武器。近距离接触的可怕选择。,PlayerEquipment
OfficerWeaponDescription/斜线和推力。牢牢抓住它的柄，集结部队并使你的立场。,PlayerEquipment
ShortBladedSwordDescription/短刀剑。当事情近距离接触和个人化时，请装备这个。,PlayerEquipment
KnifeDescription/这比用你的拳头做臭名昭着的行为更好。,PlayerEquipment
2HAxeDescription/它的绝对力量使得这种武器在与玩家建造的防御系统相媲美时非常理想。,PlayerEquipment
DeconstructingHammerDescription/击倒敌人防御或解构自己的防御。它在收集材料以构建防御方面相对有效。,PlayerEquipment
1HAxeDescription/单手挥动，这种近战武器对于玩家建造的建筑和步兵都是有效的。,PlayerEquipment
BearingFlagDescription/集结军队。飞你的阵营的标准，以支持排名和档案。,PlayerEquipment
ConstructingHammerDescription/建造玩家建造的防御系统，修理火炮或轻轻敲击一个不知情的人的头部。按“{0}”装备锤子并开始构建防御。,PlayerEquipment
CannonRamRodDescription/准备好枪支。拉姆野战炮，长枪和炮兵或勇敢地试图用它来抵挡敌人。,PlayerEquipment
SpadeDescription/挖掘工具。利用它来提升土方工程，增强团队的防御能力。,PlayerEquipment
BoardingPikeDescription/在你的船甲板上抵挡敌人的船员。充分利用其产品系列。,PlayerEquipment
CannonRamRod/撞杆,PlayerEquipment
Keys/Chinese (Simplified),PlayerTraits
Navigator/航海家,PlayerTraits
NavigatorDescription/公海的导航员。您可以通过{0}％提高您所指挥的海军舰艇的机动性。,PlayerTraits
AbleSwimmer/能够游泳的人,PlayerTraits
AbleSwimmerDescription/装备简单。您的游泳速度提高{0}％。,PlayerTraits
Distinguishable/可分辨,PlayerTraits
DistinguishableDescription/从排名和档案中脱颖而出。您在迷你地图上的显示方式不同。,PlayerTraits
Resilient/弹性,PlayerTraits
ResilientDescription/责任心强。其他玩家造成的近战伤害降低{0}％。,PlayerTraits
Armoured/装甲,PlayerTraits
ArmouredDescription/配备胸甲，保护您免受步枪和手枪射击。你被保证能够通过枪支在一次射击中幸存下来。,PlayerTraits
LightFooted/轻脚,PlayerTraits
LightFootedDescription/快速灵活。你的跑步速度提高了{0}％，但你使用近战武器可以减少伤害。,PlayerTraits
SkilfulRider/熟练的骑手,PlayerTraits
SkilfulRiderDescription/精通骑马艺术。骑马时的速度提高{0}％。,PlayerTraits
ChosenMan/选择的男人,PlayerTraits
ChosenManDescription/享有盛誉的第95名。你是一个被选中的男人！它让你感到特别。,PlayerTraits
Marksman/射手,PlayerTraits
MarksmanDescription/裂纹出手。使用枪械时的准确度提高了{0}％，但重新加载速度降低了{1}％。,PlayerTraits
Skirmisher/前卫,PlayerTraits
SkirmisherDescription/掌握有关小规模战术的知识。在蹲伏时使用枪械时的准确度提高了{0}％，但在受到近战武器攻击时会受到更多伤害。,PlayerTraits
EliteInfantry/精英步兵,PlayerTraits
EliteInfantryDescription/训练有素，经验丰富。你处理近战武器的伤害提高{0}％。你使用比其他更大的近战范围的步枪。,PlayerTraits
MountedFirearmSpecialisation/安装枪支专业化,PlayerTraits
MountedFirearmSpecialisationDescription/在骑马时使用枪械经验丰富。从马背上射击手枪和卡宾枪时的伤害提高{0}％。,PlayerTraits
MountedSwordSpecialisation/装剑专业化,PlayerTraits
MountedSwordSpecialisationDescription/在马背上练习各种剑术技巧。在骑马时挥舞剑的伤害提高{0}％。,PlayerTraits
MusketSpecialisation/步枪专精,PlayerTraits
MusketSpecialisationDescription/使用火枪来表现出色。射击步枪时的伤害提高{0}％。使用刺刀击打时，你的伤害也会增加{1}％。,PlayerTraits
BayonetSpecialisation/刺刀专业化,PlayerTraits
BayonetSpecialisationDescription/Excel使用刺刀。用刺刀击打时的伤害提高{0}％。,PlayerTraits
BlunderbussSpecialisation/Blunderbuss专业化,PlayerTraits
BlunderbussSpecialisationDescription/使用blunderbusses表现出色。射击大错时你的伤害提高{0}％，准确度提高{1}％。,PlayerTraits
PistolSpecialisation/手枪专业化,PlayerTraits
PistolSpecialisationDescription/Excel使用手枪。射击手枪时的伤害提高{0}％，准确度提高{1}％。,PlayerTraits
PikeSpecialisation/派克专业化,PlayerTraits
PikeSpecialisationDescription/使用登机长矛。挥动长矛时你的伤害提高{0}％。,PlayerTraits
SwordSpecialisation/剑专业化,PlayerTraits
SwordSpecialisationDescription/Excel使用剑。使用剑时你的伤害提高{0}％。,PlayerTraits
AxeSpecialisation/斧头专业化,PlayerTraits
AxeSpecialisationDescription/Excel使用轴。挥动斧头时的伤害提高{0}％。当摧毁玩家建造的防御，门和其他军事工程时，你的伤害也会显着增加。,PlayerTraits
ExplosivesSpecialist/炸药专家,PlayerTraits
ExplosivesSpecialistDescription/训练有使用挥发性爆炸物。携带爆炸物时移动的速度提高{0}％。,PlayerTraits
CannonSpecialisation/加农炮专业化,PlayerTraits
CannonSpecialisationDescription/使用和射击大炮和迫击炮。您的撞击和推动速度提高{0}％。,PlayerTraits
RocketSpecialisation/火箭专业化,PlayerTraits
RocketSpecialisationDescription/与火箭的使用和射击一起使用。您的加载速度提高{0}％。,PlayerTraits
RankDiscipline/等级纪律,PlayerTraits
RankDisciplineDescription/在编队期间，在射击艺术中训练和训练。蹲伏和用枪支射击时的准确度提高{0}％。,PlayerTraits
Traits/性状,PlayerTraits
Keys/Chinese (Simplified),Scoreboard
D/死亡,Scoreboard
K/杀敌,Scoreboard
Player/玩家,Scoreboard
Players/玩家,Scoreboard
S/得分,Scoreboard
Score Board/计分板,Scoreboard
Keys/Chinese (Simplified),VoicesAndShouts
SelectAShoutToPlay/选择要播放的喊叫,VoicesAndShouts
SelectASongToPlay/选择要播放的歌曲,VoicesAndShouts
SailingAndNavigation/帆船和航海,VoicesAndShouts
GunsAndRocketDrills/枪和火箭训练,VoicesAndShouts
MusketDrills/步枪练习,VoicesAndShouts
Interactions/互动,VoicesAndShouts
Keys/Chinese (Simplified),Interactable Objects
Aim Cannon/瞄准,Interactable Objects
Aim Rocket/瞄准,Interactable Objects
Assist Build Object/建立工事 - 协助,Interactable Objects
Assist Repair Object/修复工事 - 协助,Interactable Objects
Build Object/建立工事,Interactable Objects
Cancel Launch Rowboat/取消下水划艇,Interactable Objects
Cancel Load Ammo/取消装载弹药,Interactable Objects
Cancel Load Rocket Ammo/取消装载火箭,Interactable Objects
Cancel Packing Rocket Rack/取消收起火箭发射器,Interactable Objects
Cancel Ram Ammo/取消冲压弹药,Interactable Objects
Cancel Unpacking Rocket Rack/取消安装火箭发射器,Interactable Objects
CancelDefuseExplosiveBarrel/取消拆除爆炸桶,Interactable Objects
Carry Ladder/携带梯子,Interactable Objects
Carry Rocket Rack/携带火箭发射器,Interactable Objects
CarrySwivelGunBarrel/携带回转炮,Interactable Objects
CancelCarrySwivelGunBarrel/取消携带回转炮,Interactable Objects
Climb/爬,Interactable Objects
Close/关闭,Interactable Objects
Damage Object/击中工事,Interactable Objects
Deconstruct Object/击毁工事,Interactable Objects
DefuseExplosiveBarrel/破坏爆炸桶,Interactable Objects
Drop Ladder/丢掉梯子,Interactable Objects
Fire Cannon/开炮,Interactable Objects
Fire Rocket/发射火箭,Interactable Objects
FireamRefillCancel/取消补充弹药,Interactable Objects
FirearmRefill/捡起{0} {1}子弹[{2}],Interactable Objects
FirearmRefillGeneric/捡起{0}火器弹药筒[{1}],Interactable Objects
FullFirearmWeapons/你不能携带更多枪支,Interactable Objects
FullMeleeWeapons/你不能携带更多的近战武器,Interactable Objects
GunNotFoundForThatAmmo/你没有{0},Interactable Objects
GunNotSuitable/装备你的枪支,Interactable Objects
Hold/按住,Interactable Objects
Launch Rowboat/划船,Interactable Objects
LeftClick/鼠标左键点击,Interactable Objects
Load Ladder/升起梯子,Interactable Objects
NoAmmoRemaining/弹药已无剩余,Interactable Objects
NoAmmoRemainingForYou/你拿了你的那份,Interactable Objects
NoAmmoRequired/{0}弹药已满,Interactable Objects
NoMoreWeaponRemaining/没有{0}了,Interactable Objects
Open/打开,Interactable Objects
Pack Rocket Rack/收起火箭发射器,Interactable Objects
PickupWeapon/捡起{0} [{1}],Interactable Objects
PickupWeaponCancel/取消捡起{0},Interactable Objects
Place Object/放置工事,Interactable Objects
Play/演奏,Interactable Objects
PlayInworldSoundBell/响铃,Interactable Objects
PlayInworldSoundChurchBell/响铃,Interactable Objects
PlayInworldSoundShipBell/响铃,Interactable Objects
Press/按,Interactable Objects
Pump/泵,Interactable Objects
Push Cannon/推大炮,Interactable Objects
Release/发布,Interactable Objects
Repair Object/修复工事,Interactable Objects
Sail Ship/驾驶船只,Interactable Objects
Set Assist Ladder Moveable/移动梯子 - 协助,Interactable Objects
Set Assist Movable/移动大炮 - 协助,Interactable Objects
Set Assist Rocket Moveable/携带火箭发射器 - 协助,Interactable Objects
Set Load Ammo/装填弹药,Interactable Objects
Set Load Rocket Ammo/装载火箭,Interactable Objects
Set Movable/移动大炮,Interactable Objects
Set Ram Ammo/冲压弹药,Interactable Objects
Sit/坐,Interactable Objects
Stop Assist Ladder Moveable/停止移动梯子 - 协助,Interactable Objects
Stop Assist Moving/停止移动大炮 - 协助,Interactable Objects
Stop Assist Rocket Moveable/停止携带火箭发射器 - 协助,Interactable Objects
Stop Carrying Rocket Rack/停止携带火箭发射器,Interactable Objects
Stop Moving/停止移动大炮,Interactable Objects
Turn Off/熄灭,Interactable Objects
Turn On/点亮,Interactable Objects
Unload Ladder/下梯子,Interactable Objects
Unpack Rocket Rack/安装火箭发射器,Interactable Objects
Use ammo box/使用弹药箱,Interactable Objects
Use rocket stack/使用火箭堆,Interactable Objects
UseExplosiveBarrel/使用爆炸桶,Interactable Objects
UseLanternBox/使用提灯,Interactable Objects
UseSpyglassBox/使用望远镜盒,Interactable Objects
Wait/等待,Interactable Objects
WeaponNotFound/你不能使用{0},Interactable Objects
YouAlreadyHaveThatWeapon/你已经有了{0},Interactable Objects
Keys/Chinese (Simplified),PlayerRoles
TheArmy/军队,PlayerRoles
TheNavy/海军,PlayerRoles
TheCoastGuard/海岸警卫队,PlayerRoles
Command/命令,PlayerRoles
RankFile/排名和档案,PlayerRoles
Skirmisher/前卫,PlayerRoles
Artillery/炮兵,PlayerRoles
Cavalry/骑兵,PlayerRoles
Crewman/船员,PlayerRoles
Support/后援,PlayerRoles
Keys/Chinese (Simplified),PlayerClassDescriptions
ArmyLineInfantry/坚定。训练有素，使用火枪。,PlayerClassDescriptions
NavalMarine/海军陆战队员。排斥寄宿生和沿海入侵。,PlayerClassDescriptions
NavalCaptain/船上的权力。指挥船员。,PlayerClassDescriptions
NavalSailor/船员。 Cutlass是他们的首选武器。,PlayerClassDescriptions
NavalSailor2/资深船员。在远处发射敌舰。,PlayerClassDescriptions
ArmyInfantryOfficer/带领他的人走向胜利。命令等级和文件。,PlayerClassDescriptions
CoastGuard/卫兵防御工事。火枪和大炮是他的强项。,PlayerClassDescriptions
Carpenter/斧头持有者。擅长摧毁敌人的阵地。,PlayerClassDescriptions
Surgeon/研究医学。通过治疗盟军来支援盟军。,PlayerClassDescriptions
Rifleman/神枪手。从远处挑选步兵。,PlayerClassDescriptions
LightInfantry/快速的脚踏车。以更快的速度前进。,PlayerClassDescriptions
FlagBearer/标准持票人。支持奖金等级和档案。,PlayerClassDescriptions
Customs/在巡逻的Skirmisher。以更快的速度前进。,PlayerClassDescriptions
Drummer/播放精美的旋律。支持奖金等级和档案。,PlayerClassDescriptions
Fifer/播放精美的旋律。支持奖金等级和档案。,PlayerClassDescriptions
Guard/精英步兵。守卫高命令并在近战中表现出色。,PlayerClassDescriptions
Violinist/播放精美的旋律。支持奖金等级和档案。,PlayerClassDescriptions
Grenadier/最大的士兵。增加近战生存能力。,PlayerClassDescriptions
Bagpiper/播放精美的旋律。支持奖金等级和档案。,PlayerClassDescriptions
ArmyLineInfantry2/坚定。训练有素，使用火枪。,PlayerClassDescriptions
Cannoneer/炮兵。擅长摧毁强化的阵地。,PlayerClassDescriptions
Rocketeer/火箭人。擅长摧毁强化的阵地。,PlayerClassDescriptions
Sapper/构建防御性作品。支持盟军。,PlayerClassDescriptions
Hussar/精心装扮。用马在剑上的精彩演出。,PlayerClassDescriptions
Dragoon/骑兵步兵。在马背上的Carabineers。,PlayerClassDescriptions
Keys/Chinese (Simplified),Ammo Values
Carcass Rocket/胴体火箭,Ammo Values
Carry Ammo Requirements/需要炮兵或者火箭兵,Ammo Values
Carry Ammobox/携带弹药,Ammo Values
Carry Rocket Ammobox/携带一捆,Ammo Values
Carry Rocket Stack Requirements/需要炮兵或者火箭兵,Ammo Values
Carry the ammo box around/随身携带弹药箱,Ammo Values
Carry the rocket ammo box around/随身携带火箭弹药箱,Ammo Values
CarryExplosiveBarrel/携带爆炸物,Ammo Values
CarryExplosiveBarrel Description/随身携带爆炸桶,Ammo Values
CarryExplosiveBarrel Requirements/需要工兵或木匠,Ammo Values
Case Rocket/弹壳火箭,Ammo Values
Chain Shot/链弹,Ammo Values
Grape Shot L/霰弹（大号）,Ammo Values
Grape Shot S/霰弹（小号）,Ammo Values
IgniteExplosiveBarrel/点燃,Ammo Values
IgniteExplosiveBarrel Description/点燃引信,Ammo Values
Lantern/灯笼,Ammo Values
Lantern Description/毁灭性的大规模杀伤性武器,Ammo Values
Long range solid iron shot/长射程的实心铁弹,Ammo Values
Mass of small solid iron shots/大量的小实心铁弹,Ammo Values
Round Shot/实心弹,Ammo Values
Shell Rocket/贝壳火箭,Ammo Values
Shell Rocket Description/充满黑色火药的球形头,Ammo Values
Spyglass/望远镜,Ammo Values
Spyglass Description/发现远处的人,Ammo Values
Tears sails and cuts rigging/撕毁船帆切断索具,Ammo Values
Keys/Chinese (Simplified),Game Mode Information Panel
Attacker Objectives/进攻目标,Game Mode Information Panel
Defender Objectives/防御目标,Game Mode Information Panel
Game Info/游戏信息,Game Mode Information Panel
Game Mode/游戏模式,Game Mode Information Panel
Game Type/游戏类型,Game Mode Information Panel
Game Type  Hardcore/游戏类型-硬核,Game Mode Information Panel
Objectives/目标,Game Mode Information Panel
Round Details/回合细节,Game Mode Information Panel
Game Objectives/游戏目标,Game Mode Information Panel
Keys/Chinese (Simplified),Hardcore Game Type Information 
Enemies dont show on the minimap when they fire their weapons Pay attention to your surroundings/敌人开火时不会显示在小地图上。 注意你的周围！,Hardcore Game Type Information 
Friendlies are only shown on the minimap at a close distance Officers must pay close attention to the ongoings on the battlefield/只有近距离的友军才会显示在小地图上。 军官必须密切关注战场上的动态！,Hardcore Game Type Information 
Your accuracy with firearms over long distances is reduced The distance at which you engage your enemy is vital to increase your success at hitting your target/你的枪在长距离射击时精度会下降。你和敌人的交战距离对于增加你命中目标的成功率至关重要！,Hardcore Game Type Information 
Your ammunition is limited Every shot counts/你的弹药有限，记住你的射击次数！,Hardcore Game Type Information 
Keys/Chinese (Simplified),Game Mode Information Details
Brawl/全面的死斗！达到一定数量的杀敌数以获胜。,Game Mode Information Details
AttackersCapturePrimaryObjects/攻击者！在计时器用完之前捕获所有主要目标。协调攻击并使用火炮突破防御。 “孤独的希望”造成的生命损失是必要的牺牲。,Game Mode Information Details
InvadersCaptureEnemyFortification/入侵者！捕获对立阵营的防御工事。在海军陆战队员和船员登陆岸之前，充分利用火箭和大炮突破防御阵地。,Game Mode Information Details
ControlAndConquer/控制和征服！保卫和捕捉地图周围的目标以取得胜利。,Game Mode Information Details
DefendersPreventAssaultingForces/防御者们！阻止进攻部队占领你们的主要目标。你们需要在有限的增援下存活下去直到回合时间耗尽。充分利用好掩体。,Game Mode Information Details
DefendersPreventInvadingForces/捍卫者！防止入侵部队捕获你的沿海防御工事。你的增援是有限的。操纵堡垒的枪支，防止入侵者入侵。,Game Mode Information Details
EveryoneIsYourEnemy/每个人都是你的敌人。 这也包括来自同一阵营的玩家。,Game Mode Information Details
GatherTickets/收集门票！控制比敌人收集门票更多的目标。这是赢得比赛的关键。,Game Mode Information Details
LastStand/坚持！这是你在无增援的情况下最后扭转乾坤的机会。,Game Mode Information Details
LimitedReinforcements/有限的增援！务必制定策略并进行协调。如果它们耗尽，你将无法再生成。,Game Mode Information Details
PlayTogetherCoordinateAssaults/一起玩！协调攻击和制定战略。除非你的团队数量更多，否则目标不能被捕获。,Game Mode Information Details
SailWithTheWind/顺风而行！ 小地图上的箭头的方向标明了风来的方向。 转向到对你有利的潮流。,Game Mode Information Details
RaiseSailsAndLowerThem/启航！按[{0}]升高风帆，按[{1}]降低风速。,Game Mode Information Details
SingleLife/单身生活！如果你遇到了你的结局，你将不得不等待一轮完成才能重生。一定要好好利用它。,Game Mode Information Details
SinkEnemyShips/击沉敌船！充分用好链弹和实心弹来击沉敌方船只。和你的船员伙伴们一起努力实现这个目标。,Game Mode Information Details
SpawningInWaves/出生会以一波形式进行。利用其当作集合和组织队伍的机会。,Game Mode Information Details
Spyglass/使用望远镜来辨明敌友。所有的海军船只都悬挂着它们所属阵营的旗帜。,Game Mode Information Details
MeleeCombat/在近战竞技场中最好的对手！制定战略并罢工。阻挡是赢得比赛的关键。,Game Mode Information Details
Rowboats/一旦沉没，船舶不会重生！如果您的船只通往海底，请使用划艇登船和船员联盟船只。,Game Mode Information Details
Keys/Chinese (Simplified),Factions
French Empire/法兰西帝国,Factions
Kingdom of Prussia/普鲁士王国,Factions
United Kingdom/联合王国,Factions
Austria/奥地利帝国,Factions
Russia/俄罗斯帝国,Factions
Spain/西班牙,Factions
OttomanEmpire/奥斯曼帝国,Factions
ConfederationOfTheRhine/莱茵河联邦,Factions
Keys/Chinese (Simplified),Factions Alternative
British/联合王国的,Factions Alternative
French/法兰西的,Factions Alternative
Prussians/普鲁士的,Factions Alternative
Austrians/奥地利的,Factions Alternative
Russians/俄罗斯的,Factions Alternative
Spanish/西班牙的,Factions Alternative
Ottomans/奥斯曼的,Factions Alternative
RhineConfederation/莱茵联邦的,Factions Alternative
Keys/Chinese (Simplified),Map Names
AncientPlains/古老的平原,Map Names
ArcticSea/北冰洋,Map Names
ArendanRiver/阿伦丹河,Map Names
BalamorBay/巴拉莫湾,Map Names
BlackForest/黑森林,Map Names
CampSalamanca/萨拉曼卡营地,Map Names
Canyon/峡谷,Map Names
Caribbean/加勒比海,Map Names
CastleArena/城堡竞技场,Map Names
Causeways/堤道,Map Names
ColonialTown/殖民小镇,Map Names
CrossHills/克洛斯山岭,Map Names
DesertPlains/沙漠平原,Map Names
DesertPlainsSmall/沙漠平原,Map Names
DesertRuins/沙漠废墟,Map Names
DutchCanals/荷兰运河,Map Names
Egypt/塔希尔沙漠,Map Names
ErnestRidge/欧内斯特岭,Map Names
FortArena/堡垒竞技场,Map Names
FortChristiana/克里斯蒂娜要塞,Map Names
FortNational/帝国要塞,Map Names
FortPierre/皮埃尔堡,Map Names
FortSalettes/堡垒,Map Names
FortSchwarz/施瓦茨堡,Map Names
FortWinston/堡垒温斯顿,Map Names
GarrisonArena/驻军竞技场,Map Names
GrassyPlains/草地平原1（l）,Map Names
GrassyPlainsII/草地平原2（l）,Map Names
GrassyPlainsIII/草地平原3（l）,Map Names
HaroutiIslands/哈罗蒂群岛,Map Names
Highlands/高地,Map Names
KingGeorge/乔治国王,Map Names
LighthouseIslands/灯塔岛,Map Names
Linburg/Linburg,Map Names
MartelloTower/圆形石堡,Map Names
Matanzas/马塔坦斯要塞,Map Names
PalisadeArena/栅栏竞技场,Map Names
RandomWaters/开放水域,Map Names
SacredArena/神圣的竞技场,Map Names
SanMarcos/圣马科斯,Map Names
Sharpton/夏普敦,Map Names
SnowyPlains/雪原1（l）,Map Names
SnowyPlainsII/雪原2（l）,Map Names
SnowyPlainsIII/雪原3（l）,Map Names
SnowyPlainsIV/雪原4（l）,Map Names
SnowyPlainsSmall/雪原（s）,Map Names
SnowyPlainsV/雪原5（l）,Map Names
SouthSeaCastle/南海城堡,Map Names
SpanishFarm/西班牙农场,Map Names
TestLevel/在测试中,Map Names
TestLevelII/在测试中,Map Names
TestLevelIII/在测试中,Map Names
TrainingGrounds/训练场,Map Names
WatchtowerArena/了望塔竞技场,Map Names
TestLevelIV/在测试中,Map Names
CustomMap/自定义地图,Map Names
Keys/Chinese (Simplified),Capture Spawn Section Progress 
Capturing/占领中,Capture Spawn Section Progress 
Contested/争夺中,Capture Spawn Section Progress 
The 0 are capturing 1/{0}正在占领{1},Capture Spawn Section Progress 
The 0 have captured 1/{0}占领了{1},Capture Spawn Section Progress 
Keys/Chinese (Simplified),Top Info Bar
Next wave in/下一波将出生于,Top Info Bar
Reinforcements/增援,Top Info Bar
Keys/Chinese (Simplified),Main Menu
Crews  Regiments/成员&军团,Main Menu
Exit/退出,Main Menu
Language/语言,Main Menu
Play/开始游戏,Main Menu
Settings/设置,Main Menu
Tournaments/锦标赛,Main Menu
Leaderboards/排行榜,Main Menu
MyPosition/我的位置,Main Menu
Rank/Rank,Main Menu
Global/全球,Main Menu
Class/类,Main Menu
Melee/乱斗,Main Menu
Regiment/团,Main Menu
Crew/船员,Main Menu
Medals/奖牌,Main Menu
XP/经验,Main Menu
Player/玩家,Main Menu
Score/分数,Main Menu
Keys/Chinese (Simplified),Round Players Control Panel
Are you sure you want to ban/你确定想要封禁,Round Players Control Panel
Are you sure you want to chat mute/你确定要禁言,Round Players Control Panel
Are you sure you want to kick/你确定想要踢出,Round Players Control Panel
Are you sure you want to kill/你确定想要杀死,Round Players Control Panel
Are you sure you want to voip mute/你确定要静音,Round Players Control Panel
Ban/封禁,Round Players Control Panel
ChatMute/发言,Round Players Control Panel
ID/ID,Round Players Control Panel
Kick/踢出,Round Players Control Panel
Kill/杀死,Round Players Control Panel
Message/私聊,Round Players Control Panel
Name/名称,Round Players Control Panel
Reason/原因,Round Players Control Panel
Round Players/回合内玩家,Round Players Control Panel
VoipMute/语音,Round Players Control Panel
Keys/Chinese (Simplified),Round Objectives
Capture 0/占领{0},Round Objectives
Capture and Defend objectives/占领和捍卫目标,Round Objectives
Control more objectives to gather tickets/控制更多目标来收集票数,Round Objectives
DamageSplit/损害反射：{0}％,Round Objectives
Defend 0/守卫{0},Round Objectives
Eliminate enemy crewmen/消灭敌方船员,Round Objectives
Eliminate enemy reinforcements/消灭敌人的增援,Round Objectives
Eliminate enemy troops/消灭敌军,Round Objectives
Eliminate other players/消灭其他玩家,Round Objectives
FriendlyFireDisabled/友伤：无,Round Objectives
FriendlyFireEnabled/友伤：有,Round Objectives
Melee weapons only/只允许近战武器,Round Objectives
Optional/可选的,Round Objectives
Single life/一条命,Round Objectives
Sink enemy ships/沉没敌人的船只,Round Objectives
Reinforce/加强,Round Objectives
Charge/冲锋！,Round Objectives
FormLine/等待命令,Round Objectives
BreakRankAndFollow/打破等级和跟随,Round Objectives
FireAtWill/随意射击！,Round Objectives
MakeReady/做好准备,Round Objectives
Fire/开火！,Round Objectives
CeaseFire/停火,Round Objectives
Officer_Orders/军官的命令,Round Objectives
Keys/Chinese (Simplified),Spectating Panel
Spectating/旁观中,Spectating Panel
Stop Spectating/停止旁观,Spectating Panel
Keys/Chinese (Simplified),Chat Panel
Admin/管理,Chat Panel
Arty/附庸风雅,Chat Panel
Enter text/输入文本…,Chat Panel
Musicians/乐手,Chat Panel
Officers/军官,Chat Panel
Press/按,Chat Panel
Recruitment/招,Chat Panel
Riflemen/来复枪兵,Chat Panel
Round/所有,Chat Panel
Team/队伍,Chat Panel
to chat/来聊天,Chat Panel
Keys/Chinese (Simplified),Game Tips
Tip/提示,Game Tips
TipAdminHelp/在Discord上请求官方服务器管理员的帮助。使用'report-a-player'频道。按[{0}]键可在暂停菜单中找到Discord的链接。,Game Tips
TipDiscordCommunity/参加有组织的活动！加入社区Discord。按[{0}]键可在暂停菜单中找到Discord的链接。,Game Tips
TipAutoRun/按[{0}]键自动运行。,Game Tips
TipCameraMode/按[{0}]键来切换第1和第3人视图。,Game Tips
TipCannonExplode/装载的大炮在被毁时会爆炸。你最好小心点！,Game Tips
TipCaptainPoints/队长为每一次成功击中敌人船只的射击收集得分。,Game Tips
TipChainShot/利用链式射击来摧毁一艘船。这项任务比圆击更有效。,Game Tips
TipCombatMode/按[{0}]切换近战。将鼠标滑向你想要的方向，然后点击左键来攻击或者右键来格挡。,Game Tips
TipMapBorders/你无法在七大洋上无休止地航行！边框包含特定位置的参与。,Game Tips
TipMuteVoip/按[{0}]来静音特定的玩家通过VoIP。,Game Tips
TipMuteChat/按[{0}]可通过聊天将特定个人静音。,Game Tips
TipOrbitCamera/注意周围环境！按住[{0}]键环顾四周。,Game Tips
TipRaiseSail/启航！按[{0}]升高风帆，按[{1}]降低风速。,Game Tips
TipReticleDesign/通过“游戏”设置自定义十字准线的外观。,Game Tips
TipRecruitmentChat/可以通过“游戏”设置切换招聘聊天频道。,Game Tips
TipSwitchChannels/键入时按[{0}]键可在聊天频道之间切换。,Game Tips
TipRiggingScout/通过爬到​​战斗顶部侦察敌人的船只从更高的位置。寻找船舶索具旁边的交互图标。,Game Tips
TipSailWind/在风中航行时按数字键取下方形帆。它将提高船舶的机动性。,Game Tips
TipSailingDirection/随风飘扬，收集战术优势。小地图上箭头的方向代表风的来源方向。,Game Tips
TipShipGuns/较大口径的枪会造成更大的伤害并且射程更大。每艘船都配备了不同的武器库。,Game Tips
TipShipStern/确保船的船尾不受伤害！如果销毁将会造成重大损失。,Game Tips
TipSupportMusician/盛况和环境。通过在作为音乐家演奏时播放曲调，支持枪械准确性的等级和档案。按[{0}]，然后按[{1}]。,Game Tips
TipSurgeonHealing/在玩外科医生课时，按住[{0}]键可以治疗其他玩家。你在治疗其他球员时会得分。,Game Tips
TipVoipSpeak/按[{0}]通过VoIP与其他玩家通话。女士们，先生们，记得要尊重。,Game Tips
TipOfficerIssueOrder/坚定不移的人。通过按[{0}]键向步兵官类发出命令，以提供枪械准确度和近战伤害加成的等级和档案。,Game Tips
TipReceivedBuffs/在队伍中尽职尽责。线路步兵，掷弹兵和守卫通过遵循军官的命令获得枪械准确性和近战伤害奖励。,Game Tips
TipSkirmish/不太热衷于站在队伍中？与步枪兵或轻型步兵课进行冲突并从远处挑选目标。,Game Tips
TipSapperConstruct/通过工兵级强化战略地位。按[{0}]装备你的锤子并构建防御。,Game Tips
TipArtillery/用火炮支持后方的战斗。 Cannoneer和rocketeer课程擅长摧毁强化的阵地。,Game Tips
TipFlagBearer/在战场上游行你的派系的颜色。提高使用旗手级别时重新装弹的速度。,Game Tips
TipWaveSpawn/在波浪中产卵。使用此作为组装和组织的机会。,Game Tips
TipLimitedReinforcements/有限的增援！务必制定策略并进行协调。如果它们耗尽，你将无法再生成。,Game Tips
TipCapturePoints/控制和征服！在地图周围捍卫和捕捉目标以获得胜利。捕获的目标用作前向产卵位置。,Game Tips
TipStrategicCapture/一起玩！协调攻击和制定战略。除非您的团队数量更多，否则无法捕获目标。,Game Tips
TipSiegeAttackers/攻击者！在计时器用完之前捕获所有主要目标。协调攻击并使用火炮突破防御。 “孤独的希望”造成的生命损失是必要的牺牲。,Game Tips
TipSiegeDefenders/捍卫者！防止攻击部队捕获您的主要目标。你需要活下来，直到圆形计时器用完有限的加固。善用封面。,Game Tips
TipSingleLife/单身生活！如果你遇到了你的结局，你将不得不等待一轮完成才能重生。一定要好好利用它。,Game Tips
TipMeleeArena/在近战竞技场中最好的对手！制定战略并罢工。阻挡是赢得比赛的关键。,Game Tips
TipDeathmatch/全力争吵！达到一定数量的杀戮以获得胜利。,Game Tips
TipSinkVessels/沉没敌人的船！充分利用链条和圆形射击来沉没敌人的船只。与您的船员配合，实现这一目标。,Game Tips
TipCoastalDefenders/捍卫者！防止入侵部队捕获你的沿海防御工事。操纵堡垒的枪支，防止入侵者入侵。,Game Tips
TipCoastalAttackers/入侵者！捕获对立阵营的防御工事。在海军陆战队员和船员登陆岸之前，充分利用火箭和大炮突破防御阵地。,Game Tips
TipEquipSpyglass/视线远距离的朋友或敌人。按[{0}]键配备望远镜。,Game Tips
TipEquipLantern/在黑暗中点亮你的方式或者知道你的位置。按[{0}]装备灯笼。,Game Tips
TipRandomPiano/享受片刻的喘息时光，在钢琴上演奏一些曲调。您可以在各种地图上的建筑物内找到它们。,Game Tips
TipClassStats/课程有自己独特的特点，能力和装备装载。选择“生成”菜单中的“属性”和“设备”选项卡，以确定哪种类适合您的游戏风格。,Game Tips
TipStunOpponent/当事情变得非常接近和个人化时，用近战二次攻击猛击你的敌人。当使用近战武器击晕你的对手时按[{0}]。,Game Tips
Keys/Chinese (Simplified),Round Notifications
Round 0  Fight/第{0}轮  - 开战！,Round Notifications
has joined the round/已加入回合,Round Notifications
has left the round/已离开回合,Round Notifications
Keys/Chinese (Simplified),Spawning UI Timer
Spawning/出生中,Spawning UI Timer
Keys/Chinese (Simplified),Death Screen Panel
Be careful next time/下次要小心,Death Screen Panel
Damaged your teammate/伤害队友,Death Screen Panel
Deserter/逃兵,Death Screen Panel
Drowned/淹死的,Death Screen Panel
Explosion Shrapnel/爆炸弹片,Death Screen Panel
Failed to adhere by the rules/不遵守规定,Death Screen Panel
Fall Damage/坠落伤害,Death Screen Panel
Height/高度：,Death Screen Panel
Menu/菜单,Death Screen Panel
Slain by an Administrator/被管理员杀死,Death Screen Panel
Spectate/旁观,Death Screen Panel
You Died/你死亡了,Death Screen Panel
You were killed by/击杀你的是,Death Screen Panel
Keys/Chinese (Simplified),Pause Menu
Credits/贡献人员名单,Pause Menu
Disconnect/断开连接,Pause Menu
Discord/加入 Discord,Pause Menu
News/新闻,Pause Menu
Options/选项,Pause Menu
Profile/个人简介,Pause Menu
Quit/退出游戏,Pause Menu
Spawn/出生,Pause Menu
Keys/Chinese (Simplified),Options
Audio/Ambiance/环境,Options
Audio/Announcer/播音员,Options
Audio/Artillery/炮兵,Options
Audio/Audio/音频,Options
Audio/Audio Device/音频设备,Options
Audio/Character Phrases/角色短句,Options
Audio/Footsteps/脚步,Options
Audio/Listen Locally/测试麦克风,Options
Audio/Master/主要,Options
Audio/Master Volumes/主音量,Options
Audio/Menu Music/菜单音乐,Options
Audio/Microphone/麦克风,Options
Audio/Music Volumes/音乐音量,Options
Audio/Musician Songs/乐手歌曲,Options
Audio/Speaker Mode/扬声器模式,Options
Audio/The Speaker Mode can only be adjusted from the main menu/扬声器模式只能从主菜单调整,Options
Audio/VOIP/VOIP,Options
Audio/Weapon Fire/武器射击,Options
Audio/Weather/天气,Options
Game/游戏,Options
Game/Aiming Firearm/火枪瞄准,Options
Game/Auto Bayonet Switch/自动刺刀切换,Options
Game/Bounce/Bounce,Options
Game/Chat/RecruitChannel/招募频道,Options
Game/Cinematic/DeadX/偏航灵敏度,Options
Game/Cinematic/DeadY/音高灵敏度,Options
Game/Cinematic/RotX/偏航速度,Options
Game/Cinematic/RotY/俯仰速度,Options
Game/CinematicCamera/电影摄影机,Options
Game/Crosshair/Blue/蓝色,Options
Game/Crosshair/Crosshair Configuration/十字准线配置,Options
Game/Crosshair/Crosshair1/默认,Options
Game/Crosshair/Crosshair2/箭头,Options
Game/Crosshair/Crosshair3/幻想,Options
Game/Crosshair/Crosshair4/线,Options
Game/Crosshair/Crosshair5/钉,Options
Game/Crosshair/DynamicCrosshair/动态十字准线,Options
Game/Crosshair/Green/绿色,Options
Game/Crosshair/Preview/预习,Options
Game/Crosshair/Red/红色,Options
Game/Crosshair/Style/样式,Options
Game/Crosshair/Transparency/透明度,Options
Game/Crosshair/WarningMessage/十字准线变化仅在产卵时可见,Options
Game/Custom Name/自定义名称,Options
Game/Field Of View/视野,Options
Game/Freeflight/CinematicMode/电影模式,Options
Game/Freeroam Camera/反转鼠标Y轴,Options
Game/Global Sensitivity/全局灵敏度,Options
Game/Invert Mouse Y/反转鼠标Y轴,Options
Game/Maximum Corpses/最大尸体数量,Options
Game/Melee Cam Distance/近战镜头距离,Options
Game/Melee Combat/近战格斗,Options
Game/Mouse Sensitivity/鼠标灵敏度,Options
Game/Normal Speed/正常速度,Options
Game/Other/其他,Options
Game/Playe Name Settings can only be adjusted from the Main Menu/玩家名称只能在主菜单修改,Options
Game/Player Name/玩家名称,Options
Game/Ragdoll Corpses/物理尸体,Options
Game/Same Attack Sensitivity/相同的攻击灵敏度,Options
Game/Seconds InGame/持续秒数,Options
Game/Show Player Names/显示玩家姓名,Options
Game/UI/Broadcasted Messages/广播消息,Options
Game/UI/Buffs Indicators/增益提示,Options
Game/UI/CenterScreen Dot/中心屏点,Options
Game/UI/Chat/聊天,Options
Game/UI/Crosshair/准星,Options
Game/UI/Friendly Indicator/友军指示,Options
Game/UI/Friendly Nametags/友军名称,Options
Game/UI/Health  Weapon/生命值&武器,Options
Game/UI/Interaction Indicators/互动指标,Options
Game/UI/Kill Feed/击杀反馈,Options
Game/UI/LatencyIndicator/延迟指标,Options
Game/UI/LatencyWarning/延迟警告,Options
Game/UI/Minimap/小地图,Options
Game/UI/Objectives Panel/目标面板,Options
Game/UI/Personal Score/个人得分,Options
Game/UI/Player Joined Notifications/玩家加入通知,Options
Game/UI/Reload Indicator/重新装填提示,Options
Game/UI/Round Info Panel/回合信息面板,Options
Game/UI/Show Announcer/节目播音员,Options
Game/UI/Show Server Name/显示服务器名称,Options
Game/UI/Spectating Text/旁观文本,Options
Game/UI/VOIP Markers/Voip标记,Options
Game/Upload Error Log/上传错误日志,Options
Game/Use Steam Name/使用Steam名称,Options
Game/UI/EmplacementHealthIndicator/安置健康指标,Options
Game/UI/OfficerOrderLineIndicatorMarker/官员线指示标记,Options
Game/UI/OfficerOrderReinforceIndicatorMarker/官员加强指标标记,Options
Game/User Interface/用户界面,Options
Keys/按键,Options
Keys/1st 3rd Person Camera/第1第3人称视角,Options
Keys/Administration Console/管理控制台,Options
Keys/Aim Firearm/瞄准,Options
Keys/Artillery Weapons/火炮,Options
Keys/Auto Run/自动奔跑,Options
Keys/Backward/后退,Options
Keys/Cameras/视角,Options
Keys/Change Chat Channel/改变语音面板,Options
Keys/Chat/文字聊天,Options
Keys/ChatTitle/聊天配置,Options
Keys/Communications/交流,Options
Keys/Crouch/下蹲,Options
Keys/Down/下,Options
Keys/Equip Lantern/装备手提灯,Options
Keys/Equip Musical Instrument/装备乐器,Options
Keys/Equip Spyglass/装备望远镜,Options
Keys/Fire Firearm/开火,Options
Keys/Firearm Weapons/火器,Options
Keys/Forward/前进,Options
Keys/Freeroam Camera/自由漫游视角,Options
Keys/Interact/交互,Options
Keys/Inventory/物品栏,Options
Keys/Jump/跳跃,Options
Keys/Last Voice Command/上一语音命令,Options
Keys/Left/左,Options
Keys/Lower Next Sail/降下一面帆,Options
Keys/Melee Attack/近战攻击,Options
Keys/Melee Block/近战格挡,Options
Keys/Melee Weapons/近战武器,Options
Keys/Melee Bash/近战狂欢,Options
Keys/Miscellaneous/杂项,Options
Keys/Move Backwards/后退,Options
Keys/Move Forward/前进,Options
Keys/Movement/移动,Options
Keys/Musicians/乐手,Options
Keys/Mute Players Window/静音玩家窗口,Options
Keys/Open Music Panel/打开音乐面板,Options
Keys/Orbit Camera/轨道视角,Options
Keys/Patriotic Cheer/战吼,Options
Keys/Push To Talk/按键说话,Options
Keys/Raise Next Sail/升下一面帆,Options
Keys/Reload Firearm/重新装填,Options
Keys/Right/右,Options
Keys/Rotate Down/向下转,Options
Keys/Rotate Left/向左转,Options
Keys/Rotate Right/向右转,Options
Keys/Rotate Up/向上转,Options
Keys/Row Backwards/向后划,Options
Keys/Row Boats/划船,Options
Keys/Row Forward/向前划,Options
Keys/Sailing Ships/驾驶帆船,Options
Keys/Scoreboard/计分板,Options
Keys/Shout Insult/嘲讽,Options
Keys/Sprint/冲刺,Options
Keys/Steer Left/左转舵,Options
Keys/Steer Right/右转舵,Options
Keys/Stop Playing Song/停止演奏,Options
Keys/Strafe Left/左移,Options
Keys/Strafe Right/右移,Options
Keys/Toggle Melee Firearm/切换火枪近战,Options
Keys/Toggle User Interface/切换用户界面,Options
Keys/ReinforceOrder/加强秩序,Options
Keys/FormLineOrder/表格行顺序,Options
Keys/FireAtWillOrder/意志着火,Options
Keys/ChargeOrder/收费单,Options
Keys/MakeReady/做好准备,Options
Keys/Fire/消防令,Options
Keys/CeaseFire/停火命令,Options
Keys/BreakRankAndFollow/打破排名并遵循顺序,Options
Keys/Up/上,Options
Keys/Voices Panel/语音面板,Options
Keys/ModeSelection/模式选择,Options
Keys/Sappers/工兵,Options
Keys/Officers/长官,Options
Keys/ToggleOfficerWindow/发布订单栏,Options
Keys/EquipHammer/装备锤子,Options
Keys/Walk Run/走/跑,Options
Options/选项,Options
Sprint Speed/冲刺速度,Options
Values/1800s/1800s,Options
Values/Default/默认,Options
Values/Extreme/极致,Options
Values/FXAA/Fxaa,Options
Values/Gritty/Gritty,Options
Values/High/高,Options
Values/KeyCodes/Back Quote/~,Options
Values/KeyCodes/Backspace/Backspace,Options
Values/KeyCodes/Down Arrow/↓,Options
Values/KeyCodes/Enter/Enter,Options
Values/KeyCodes/Left Alt/左Alt,Options
Values/KeyCodes/Left Arrow/←,Options
Values/KeyCodes/Left Click/左键,Options
Values/KeyCodes/Left Control/左Ctrl,Options
Values/KeyCodes/Left Shift/左Shift,Options
Values/KeyCodes/Middle Click/中键,Options
Values/KeyCodes/Mouse Button 3/鼠标按键3,Options
Values/KeyCodes/Mouse Button 4/鼠标按键4,Options
Values/KeyCodes/Mouse Button 5/鼠标按键5,Options
Values/KeyCodes/Mouse Button 6/鼠标按键6,Options
Values/KeyCodes/Right Alt/右Alt,Options
Values/KeyCodes/Right Arrow/→,Options
Values/KeyCodes/Right Click/右键,Options
Values/KeyCodes/Right Control/右Ctrl,Options
Values/KeyCodes/Scroll Lock/Scroll Lock,Options
Values/KeyCodes/Space/Space,Options
Values/KeyCodes/Tab/Tab,Options
Values/KeyCodes/Up Arrow/↑,Options
Values/Low/低,Options
Values/Medium/中,Options
Values/Normal/Normal,Options
Values/Off/关闭,Options
Values/SpeakerMode/5 Speaker Surround/5扬声器环绕声,Options
Values/SpeakerMode/51 Surround/5.1环绕声,Options
Values/SpeakerMode/71 Surround/7.1环绕声,Options
Values/SpeakerMode/Dolby Pro Logic 51/杜比定向逻辑5.1,Options
Values/SpeakerMode/Mono/单声道,Options
Values/SpeakerMode/Quad/四声道,Options
Values/SpeakerMode/Stereo/双声道,Options
Values/TAA/Taa,Options
Values/Ultra/Ultra,Options
Values/Very High/非常高,Options
Values/Very Low/非常低,Options
Video/视频,Options
Video/Advanced/高级的,Options
Video/Ambient Occlusion/环境光遮蔽,Options
Video/Anisotropic Textures/各向异性纹理,Options
Video/Antialiasing/抗锯齿,Options
Video/Blend Weights/动画质量,Options
Video/Bloom/全屏泛光,Options
Video/Brightness/亮度,Options
Video/Cannonball Trails/炮弹轨迹,Options
Video/Color Adjustments/颜色调整,Options
Video/Color Profile/颜色配置,Options
Video/Contact Shadows/接触阴影,Options
Video/Contrast/对比度,Options
Video/Depth Of Field/景深,Options
Video/Display/显示,Options
Video/FPS Limit/Fps上限,Options
Video/Framerate/帧率,Options
Video/Fullscreen/全屏,Options
Video/Graphics Preset/图形预设,Options
Video/Grass Density/草丛密度,Options
Video/Grass Distance/草丛距离,Options
Video/LOD Quality/LOD质量,Options
Video/Lens Dirt Effects/镜头污垢效果,Options
Video/Lens Flare/镜头光晕,Options
Video/Ocean Quality/海洋质量,Options
Video/Resolution/分辨率,Options
Video/Shadow Distance/阴影距离,Options
Video/Shadow Quality/阴影质量,Options
Video/Sharpen Image/锐化图像,Options
Video/Skybox Quality/天空盒质量,Options
Video/Sun Rays/光线,Options
Video/Texture Quality/纹理质量,Options
Video/VSYNC/垂直同步,Options
Video/Vignetting/渐晕,Options
Video/Volumetric Lights/体积灯,Options
Values/ShortKeyCodes/BackQuote/`,Options
Values/ShortKeyCodes/Backspace/BCK,Options
Values/ShortKeyCodes/Return/ENT,Options
Values/ShortKeyCodes/UpArrow/ARU,Options
Values/ShortKeyCodes/LeftArrow/ARL,Options
Values/ShortKeyCodes/RightArrow/ARR,Options
Values/ShortKeyCodes/DownArrow/ARD,Options
Values/ShortKeyCodes/Mouse0/LMB,Options
Values/ShortKeyCodes/Mouse1/RMB,Options
Values/ShortKeyCodes/Mouse2/MMB,Options
Values/ShortKeyCodes/Mouse3/MB3,Options
Values/ShortKeyCodes/Mouse4/MB4,Options
Values/ShortKeyCodes/Mouse5/MB5,Options
Values/ShortKeyCodes/Mouse6/MB6,Options
Values/ShortKeyCodes/LeftControl/LCT,Options
Values/ShortKeyCodes/RightControl/RCT,Options
Values/ShortKeyCodes/LeftShift/LSH,Options
Values/ShortKeyCodes/RightShift/RSH,Options
Values/ShortKeyCodes/LeftAlt/LAT,Options
Values/ShortKeyCodes/RightAlt/RAT,Options
Values/ShortKeyCodes/Space/SPC,Options
Values/ShortKeyCodes/Tab/TAB,Options
Values/ShortKeyCodes/Insert/INS,Options
Values/ShortKeyCodes/Home/HOM,Options
Values/ShortKeyCodes/Alpha0/0,Options
Values/ShortKeyCodes/Alpha1/1,Options
Values/ShortKeyCodes/Alpha2/2,Options
Values/ShortKeyCodes/Alpha3/3,Options
Values/ShortKeyCodes/Alpha4/4,Options
Values/ShortKeyCodes/Alpha5/5,Options
Values/ShortKeyCodes/Alpha6/6,Options
Values/ShortKeyCodes/Alpha7/7,Options
Values/ShortKeyCodes/Alpha8/8,Options
Values/ShortKeyCodes/Alpha9/9,Options
Values/ShortKeyCodes/Keypad0/K0,Options
Values/ShortKeyCodes/Keypad1/K1,Options
Values/ShortKeyCodes/Keypad2/K2,Options
Values/ShortKeyCodes/Keypad3/K3,Options
Values/ShortKeyCodes/Keypad4/K4,Options
Values/ShortKeyCodes/Keypad5/K5,Options
Values/ShortKeyCodes/Keypad6/K6,Options
Values/ShortKeyCodes/Keypad7/K7,Options
Values/ShortKeyCodes/Keypad8/K8,Options
Values/ShortKeyCodes/Keypad9/K9,Options
Values/ShortKeyCodes/KeypadPeriod/.,Options
Values/ShortKeyCodes/KeypadDivide//,Options
Values/ShortKeyCodes/KeypadMultiply/*,Options
Values/ShortKeyCodes/KeypadMinus/MIN,Options
Values/ShortKeyCodes/KeypadPlus/+,Options
Values/ShortKeyCodes/KeypadEnter/ENT,Options
Values/ShortKeyCodes/KeypadEquals/=,Options
Values/ShortKeyCodes/PageUp/PGU,Options
Values/ShortKeyCodes/PageDown/PGD,Options
Values/ShortKeyCodes/Numlock/NLK,Options
Values/ShortKeyCodes/CapsLock/CLK,Options
Values/ShortKeyCodes/ScrollLock/SLK,Options
Values/ShortKeyCodes/Help/HLP,Options
Values/ShortKeyCodes/Print/PRT,Options
Values/ShortKeyCodes/SysReq/SYS,Options
Values/ShortKeyCodes/Break/BRK,Options
Values/ShortKeyCodes/Menu/MNU,Options
Values/ShortKeyCodes/RightBracket/],Options
Values/ShortKeyCodes/LeftBracket/[,Options
Values/ShortKeyCodes/Backslash/\,Options
Values/ShortKeyCodes/Equals/=,Options
Values/ShortKeyCodes/Semicolon/;,Options
Values/ShortKeyCodes/Colon/:,Options
Values/ShortKeyCodes/Slash//,Options
Values/ShortKeyCodes/Period/.,Options
Values/ShortKeyCodes/Minus/MIN,Options
"Values/ShortKeyCodes/Comma/,",Options
Values/ShortKeyCodes/Plus/+,Options
Values/ShortKeyCodes/Asterisk/*,Options
Values/ShortKeyCodes/Quote/',Options
Values/ShortKeyCodes/Pause/PSE,Options
Values/ShortKeyCodes/Escape/ESC,Options
Values/ShortKeyCodes/Clear/CLR,Options
Video/Preset/预置,Options
Keys/Chinese (Simplified),Change Language Panel
Change/更改,Change Language Panel
Change Language/改变语言,Change Language Panel
Language/语言,Change Language Panel
Languages/语言,Change Language Panel
Keys/Chinese (Simplified),Main Menu Development Panel
Forum/Forum,Main Menu Development Panel
Join Discord Participate in organised events/Join Discord! Participate in organised events.,Main Menu Development Panel
Report a bug/Report bug,Main Menu Development Panel
Thank you for supporting Holdfast Nations At War/Thank you for supporting Holdfast: Nations At War!,Main Menu Development Panel
View roadmap/View roadmap,Main Menu Development Panel
We are actively developing the game based on community feedback Work on improving melee combat is ongoing to continue promote competitiveness  Anvil Game Studios/We are actively developing the game based on community feedback. Work on improving melee combat is ongoing to continue promote competitiveness. - <b>Anvil Game Studios</b>,Main Menu Development Panel
Keys/Chinese (Simplified),Connection Errors
AlreadyConnectedHeader/已经连接,Connection Errors
YouAreStillConnected/您仍然连接到服务器。等待一会儿，然后再尝试重新加入。,Connection Errors
BannedByAdministratorHeader/被管理员禁止,Connection Errors
DeniedAccessToTheServer/您被拒绝访问服务器。,Connection Errors
ContactServerAdministratorToAppeal/联系相关服务器管理员以申请禁令。,Connection Errors
KickedByAdministratorHeader/被管理员踢了,Connection Errors
YouHaveBeenKickedByAnAdministrator/你被管理员踢了。,Connection Errors
EnsureToAbideByTheRules/确保您遵守服务器的规则。,Connection Errors
GameClientNotUpdatedHeader/游戏客户端未更新,Connection Errors
GameClientNotUpdated/Holdfast：战争中的国家已经更新！重新启动游戏以下载最新版本。,Connection Errors
DownloadBySteamInstructionTitle/您可以通过执行以下操作强制Steam下载最新版本：,Connection Errors
"DownloadBySteamInstructionBody/1.退出Holdfast：战争中的国家。
2.在Steam游戏库中找到Holdfast：Nations At War。
3.右键单击Holdfast：Nations At War，然后从下拉菜单中选择“属性”。
4.转到“本地文件”选项卡。
5.单击“验证游戏文件的完整性...”按钮。
6.等到Steam完成验证游戏文件然后重新启动游戏。",Connection Errors
GameServerNotUpdatedHeader/游戏服务器未更新,Connection Errors
GameServerNotUpdated/游戏服务器不及最新版本的Holdfast：Nations War。,Connection Errors
ContactServerAdminToUpdateServer/请与相关服务器管理员联系以更新服务器。,Connection Errors
PasswordIsIncorrectHeader/密码不正确,Connection Errors
EnteredPasswordIsIncorrect/您输入密码不正确。,Connection Errors
PasswordsAreCaseSensitive/密码区分大小写。确保未启用“大写锁定”键。,Connection Errors
GameServerIsFullHeader/游戏服务器已满,Connection Errors
GameServerCurrentlyFull/游戏服务器目前已满。,Connection Errors
JoinAnotherServerOrWaitForSlot/请加入其他服务器或等到插槽可用。,Connection Errors
ServerShutdownHeader/服务器关机,Connection Errors
ServerWasShutdown/服务器已关闭。请加入其他服务器继续播放。,Connection Errors
DisconnectedHeader/断开的,Connection Errors
YouHaveBeenDisconnected/你已经与服务器断开连接。,Connection Errors
YouMustBeConnectedToSteam/确保您没有在“离线模式”下运行Steam。您必须连接到Steam才能玩。,Connection Errors
UnableToConnectHeader/无法连接,Connection Errors
CheckInternetConnectionStability/您无法连接到服务器。确保您的互联网连接稳定。,Connection Errors
TroubleshootInstructionHeader/还建议尝试以下故障排除方法：,Connection Errors
"TroubleshootInstructionBody/1.退出然后再回到Steam上。
2.重新启动Internet连接。
3.重新启动路由器。
4.暂时禁用可能阻止连接的任何防病毒或防火墙。
5.确保您没有在VPN后面操作。
6.通过Steam验证游戏文件的完整性。
7.确保您没有在“离线模式”下运行Steam。您必须连接到Steam才能玩。
8.转到'\ AppData \ LocalLow \ Anvil Game Studio'并删除'Holdfast NaW'文件夹。
8.1。备份'muteplayerschat'和'muteplayersvoip'文本文件，因为它们包含您的静音播放器信息。
9.尝试通过Steam上的朋友联系。
10.尝试使用其他互联网连接（如果有）。",Connection Errors
RequestFurtherAssistance/请求Discord的进一步帮助。错误ID为{0}。,Connection Errors
SteamUnableToAuthenticateHeader/蒸汽无法验证,Connection Errors
"AuthenticateInstructionBody/您无法通过Steam进行身份验证。您必须连接到Steam才能玩。
尝试以下故障排除方法：

1.退出Steam。
2.重新登录Steam。
3.重新启动Holdfast：战争中的国家。",Connection Errors
ServerMessageHeader/服务器消息,Connection Errors
SteamConnectionHeader/蒸汽连接,Connection Errors
Keys/Chinese (Simplified),Dialog Buttons
No/否,Dialog Buttons
Ok/好,Dialog Buttons
Yes/是,Dialog Buttons
Keys/Chinese (Simplified),Capture Point Notification Pane
Objective 0 lost/目标{0}丢失,Capture Point Notification Pane
Objective 0 taken/已采用目标{0},Capture Point Notification Pane
Keys/Chinese (Simplified),Notifications
Ammobox/Ammobox,Notifications
Assister/你正在协助其他玩家移动大炮。,Notifications
BorderWarning/你在离开战场。快回头！,Notifications
BuildingMode/建造,Notifications
CanPlaceLadder/你可以把梯子放在这个位置。,Notifications
CannotLoad/你无法在这种火炮中加载你的弹药。,Notifications
CannotPlaceObject/您无法在此处放置对象。,Notifications
Chair/椅子,Notifications
ChevauxDeFriseLarge/Chevaux De Frize（l）,Notifications
ChevauxDeFriseSmall/Chevaux De Frize（s）,Notifications
DeconstructMode/解构,Notifications
Earthworks/土方工程,Notifications
EmplacementBuildLimitExceeded/无法建造{0}，因为此类型的建筑物太多。,Notifications
EmplacementPlaced/已放置{0}。,Notifications
EnemyShipCaptured/我们抓住了敌人的船只{0}！,Notifications
EnemyShipSunk/我们沉没了敌人的船只{0}！,Notifications
ExitPositionError/加农炮的位置太靠近物体。你无法瞄准。,Notifications
ExplosiveBarrel/爆炸桶,Notifications
FriendlyShipCaptured/盟军船只{0}已被捕获！,Notifications
FriendlyShipSunk/盟军船只{0}已经沉没！,Notifications
Gabion/石笼,Notifications
HammerConstructMode/构造,Notifications
HammerDeconstructMode/解构,Notifications
HammerNotEquipped/你需要一把锤子来执行这个动作。,Notifications
InfantryStakes/步兵赌注,Notifications
Kicked/Cannoneer控制了这种火炮。,Notifications
LadderAssistJoined/一名球员正在协助你。梯子现在可以更快的速度运送。,Notifications
LadderAssistLeft/你不再受到帮助了。,Notifications
LadderAssister/你正在协助其他玩家移动梯子。,Notifications
LadderKicked/一个木匠控制了这个阶梯。,Notifications
LadderMover/你可以控制阶梯。按“{0}”继续前进。,Notifications
LadderPlacedInPosition/梯子已放置在其位置。您可以按“{0}”来升高阶梯。,Notifications
Limit/限制,Notifications
LoadingPositionError/加农炮的位置太靠近物体。你无法加载。,Notifications
MaterialPoints/物质点,Notifications
Materials/物料,Notifications
Mover/你可以控制大炮。按“{0}”继续前进。,Notifications
NeedAmmo/你没有携带任何弹药。,Notifications
None/没有,Notifications
NotEnoughMaterials/您的阵营没有足够的材料来构建此对象。,Notifications
Palisade/栅栏,Notifications
RammingPositionError/加农炮的位置太靠近物体。你无法撞击。,Notifications
RocketAssister/你正在协助其他玩家移动火箭发射器。,Notifications
RocketAssisterJoined/一名球员正在协助你。现在可以以更快的速度携带发射器。,Notifications
RocketAssisterLeft/你不再受到帮助了。,Notifications
RocketCannotMount/火箭发射器无法在靠近物体的地方解压缩。你无法在这里打开包装。,Notifications
RocketKicked/{0}控制了这门炮。,Notifications
RocketMover/你可以控制火箭发射器。按“{0}”继续前进。,Notifications
RocketPlayerClassCannotDismount/你必须是一个Cannoneer或Rocketeer才能打包火箭发射器。,Notifications
RocketPlayerClassCannotMount/您必须是Cannoneer或Rocketeer来打开火箭发射器的包装。,Notifications
RocketStack/火箭堆栈,Notifications
RowboatAssist/你正在协助其他玩家操纵划艇。,Notifications
RowboatSpawnBlocked/无法发射划艇。产卵受阻。,Notifications
Sandbag/沙袋,Notifications
SelectionMode/模式选择器,Notifications
ShootingPlatform/栅栏平台,Notifications
SpadeConstructMode/挖,Notifications
SpadeDeconstructMode/Undig,Notifications
SwitchedSapperMode/切换模式为{0},Notifications
SwivelGun/旋转枪,Notifications
SwivelGunCannotCarryByClass/你必须是一个工兵来携带旋转枪。,Notifications
TooManyItemsLimit/你的阵营无法构建更多此对象。,Notifications
Keys/Chinese (Simplified),Warning Indicators
High Ping/高延迟,Warning Indicators
Unstable Ping/延迟不稳定,Warning Indicators
Server Performance/服务器FPS,Warning Indicators
Client Performance/客户端FPS,Warning Indicators
