Keys/Chinese (Traditional),Default
Ship Sunk/沉沒,Default
Keys/Chinese (Traditional),Server Browser
All/全部,Server Browser
Community/社區,Server Browser
Connect/連接,Server Browser
Connected/已連接,Server Browser
Connecting/正在連接,Server Browser
Disconnected/已斷開連接,Server Browser
Disconnecting/正在斷開連接,Server Browser
Filters/篩選器,Server Browser
Game Type/遊戲類別,Server Browser
Join Official Server/加入官方伺服器,Server Browser
Join Other Server/加入自定義服務器,Server Browser
Join Server/加入伺服器,Server Browser
Latency/延遲,Server Browser
Lobby Status/大廳狀態,Server Browser
Locked/有密碼,Server Browser
Map/地圖,Server Browser
Official/官方,Server Browser
Players/玩家人數,Server Browser
Privacy/私密,Server Browser
Public/開放,Server Browser
Refresh/刷新,Server Browser
Region/地區,Server Browser
Search/搜索,Server Browser
Server Address/伺服器地址,Server Browser
Server Browser/檢索伺服器,Server Browser
Server Name/伺服器名稱,Server Browser
Server Password/伺服器密碼,Server Browser
Server Port/伺服器端口,Server Browser
Server Type/伺服器類別,Server Browser
Show Empty Servers/顯示無人的伺服器,Server Browser
Show Favorites Only/僅顯示收藏夾,Server Browser
Show Full Servers/顯示已滿伺服器,Server Browser
Show Private Servers/顯示鎖定的伺服器,Server Browser
Status/狀態,Server Browser
Favourites/收藏,Server Browser
SelectServer/選擇伺服器,Server Browser
EnterPassword/輸入密碼...,Server Browser
EnterServerAddress/輸入伺服器地址...,Server Browser
Keys/Chinese (Traditional),DefensiveEmplacements
Ammobox/彈藥箱,DefensiveEmplacements
ArtilleryMenu/砲兵,DefensiveEmplacements
CannotPlaceObject/您無法在此處放置物體。,DefensiveEmplacements
ChevauxDeFriseLarge/Chevaux De Frize（l）,DefensiveEmplacements
ChevauxDeFriseSmall/Chevaux De Frize（s）,DefensiveEmplacements
DefensiveEmplacementsMenu/防禦建築,DefensiveEmplacements
Earthworks/土方工程,DefensiveEmplacements
EarthworksMenu/土方工程,DefensiveEmplacements
EmplacementBuildLimitExceeded/無法建造{0}，因為此類型的建築太多。,DefensiveEmplacements
EmplacementPlaced/已放置{0}。,DefensiveEmplacements
ExplosiveBarrel/爆炸桶,DefensiveEmplacements
Gabion/石籠,DefensiveEmplacements
HammerConstructMode/進駐建設模式,DefensiveEmplacements
HammerDeconstructMode/進駐解構模式,DefensiveEmplacements
HammerNotEquipped/你需要裝備一個錘子來完成這個操作。,DefensiveEmplacements
InfantryStakes/步兵樁,DefensiveEmplacements
LeftClick/鼠標左鍵點擊,DefensiveEmplacements
MaterialPoints/材料點,DefensiveEmplacements
Materials/材料,DefensiveEmplacements
MaterialsRequired/所需材料：,DefensiveEmplacements
None/无,DefensiveEmplacements
NotEnoughMaterials/您的陣營沒有足夠的材料來建造此建築。,DefensiveEmplacements
RocketStack/火箭堆,DefensiveEmplacements
Sandbags/沙包,DefensiveEmplacements
SpadeConstructMode/挖掘模式,DefensiveEmplacements
SpadeDeconstructMode/填平模式,DefensiveEmplacements
SwitchedSapperMode/切換模式為：{0},DefensiveEmplacements
SwivelGunBarrel/旋轉槍管,DefensiveEmplacements
Keys/Chinese (Traditional),CenterScreenScorePanel
ObjectiveCaptured/已佔領,CenterScreenScorePanel
Keys/Chinese (Traditional),Game Modes
ArmyAssault/陸軍突擊,Game Modes
ArmyBattlefield/陸軍戰場,Game Modes
ArmyConquest/陸軍征服,Game Modes
ArmyDeathmatch/陸軍死鬥,Game Modes
ArmySiege/陸軍圍城,Game Modes
CoastalSiege/沿海圍城,Game Modes
MeleeArena/近戰競技,Game Modes
NavalAssault/海軍突擊,Game Modes
NavalBattlefield/海軍戰場,Game Modes
Keys/Chinese (Traditional),Game Types
Hardcore/硬核,Game Types
Standard/標準,Game Types
Keys/Chinese (Traditional),Spawn Details Menu
Attributes/屬性,Spawn Details Menu
Back/背部,Spawn Details Menu
BattleStartsIn/戰鬥開始於,Spawn Details Menu
Class/兵种,Spawn Details Menu
Class Selection/兵种選擇,Spawn Details Menu
ClassSlotFull/此兵種數量已滿。選擇另一個兵種。,Spawn Details Menu
Enlist/招募,Spawn Details Menu
Equip/裝備,Spawn Details Menu
Faction Reinforcements/陣營增援,Spawn Details Menu
Freeroam Camera/自由游動視角,Spawn Details Menu
Game Mode Info/遊戲模式信息,Spawn Details Menu
Join/加入,Spawn Details Menu
Join Round/加入回合,Spawn Details Menu
Location/位置,Spawn Details Menu
MaxFactionPlayersReached/陣營中玩家太多。,Spawn Details Menu
Options/選項,Spawn Details Menu
Player/玩家,Spawn Details Menu
Players/玩家,Spawn Details Menu
Select Class/選擇兵种,Spawn Details Menu
Select Faction/選擇陣營,Spawn Details Menu
Select Spawn/選擇出生,Spawn Details Menu
Ship Sunk/沉沒,Spawn Details Menu
Spawn/出生,Spawn Details Menu
Spawn Out Of Reinforcements/你的陣營已經沒有增援了。請等待下一輪來出生。,Spawn Details Menu
SpawnContested/據點正在受到爭奪。你無法出生。,Spawn Details Menu
Spectate/旁觀,Spawn Details Menu
Troops/軍隊,Spawn Details Menu
Waiting for other players to join/等待其他玩家加入,Spawn Details Menu
Waiting for players to/等待玩家,Spawn Details Menu
You must wait for the next round to spawn/你必須等候下一回合才能出生,Spawn Details Menu
Regiment/團,Spawn Details Menu
Role/角色,Spawn Details Menu
Health/健康,Spawn Details Menu
Agility/敏捷,Spawn Details Menu
Swimming/游泳,Spawn Details Menu
Damage/損傷,Spawn Details Menu
Accuracy/準確性,Spawn Details Menu
Range/範圍,Spawn Details Menu
Abilities/能力,Spawn Details Menu
Orders/命令,Spawn Details Menu
Traits/性狀,Spawn Details Menu
ReloadTime/裝彈時間,Spawn Details Menu
Ammunition/彈藥,Spawn Details Menu
BaseSpawn/基地出生,Spawn Details Menu
FortifiedPosition/築壘陣地,Spawn Details Menu
OpenPlains/開闊平原,Spawn Details Menu
Farm/農場,Spawn Details Menu
Field/田地,Spawn Details Menu
Village/村,Spawn Details Menu
Camp/營,Spawn Details Menu
Lodge/小屋,Spawn Details Menu
Church/教會,Spawn Details Menu
Ruins/廢墟,Spawn Details Menu
Ship/船,Spawn Details Menu
Port/港口,Spawn Details Menu
LandSpawnSection/陸地出生點,Spawn Details Menu
ShipSpawnSection/船舶出生點,Spawn Details Menu
FactionFull/陣營已滿,Spawn Details Menu
Crew/船員,Spawn Details Menu
Keys/Chinese (Traditional),Round End Reasons
0 has won the match/{0}贏得了了比賽！,Round End Reasons
All flags have been captured/所有旗幟都已被佔領。,Round End Reasons
Both factions have the same number of remaining crew reinforcements/雙方陣營擁有相同剩餘的增援數量。,Round End Reasons
Both factions have the same number of remaining troop reinforcements and surviving players/雙方陣營擁有相同剩餘的士兵數量以及仍存活的玩家。,Round End Reasons
Both factions have the same number of surviving crewman in the battlefield/雙方陣營在戰場上擁有相同數量的存活船員。,Round End Reasons
Both factions have the same number of surviving troops in the battlefield/雙方陣營在戰場上擁有相同數量的存活士兵。,Round End Reasons
Both factions have the same number of tickets/雙方的票數相同。,Round End Reasons
Gathered more tickets than the other faction/收集比另一陣營更多的票數。,Round End Reasons
Maximum tickets reached/已達到最大票數。,Round End Reasons
Player 0 dominates the battlefield with the greatest number of kills/玩家{0}以最高擊殺數主宰了戰場。,Round End Reasons
Round Timer Ended/回合時間結束,Round End Reasons
The 0 Are Victorious/{0}獲勝了,Round End Reasons
The 0 Is Victorious/{0}獲勝了,Round End Reasons
The 0 crew reinforcements have been depleted/{0}的船員增援已耗盡。,Round End Reasons
The 0 crewmen have been eliminated/{0}的船員已被消滅。,Round End Reasons
The 0 have successfully defended the capture points/{0}已成功守護住據點。,Round End Reasons
The 0 have the greater number of kills/{0}擁有更多的擊殺數。,Round End Reasons
The 0 have the greater number of remaining crew reinforcements and surviving players/{0}擁有更多的剩餘增援船員和存活玩家數量。,Round End Reasons
The 0 have the greater number of remaining ships/{0}擁有更多的剩餘船隻數。,Round End Reasons
The 0 have the greatest number of remaining troop reinforcements and surviving players/{0}擁有最大剩餘的增援兵員和存活玩家數量。,Round End Reasons
The 0 have the most surviving crewmen in the battlefield/{0}在戰場上擁有最多的存活船員。,Round End Reasons
The 0 have the most surviving troops in the battlefield/{0}在戰場上擁有最多的存活士兵。,Round End Reasons
The 0 lost control of all the capture points/{0}丟失了所有佔據點。,Round End Reasons
The 0 lost control of the major capture points/{0}丟失了主據點。,Round End Reasons
The 0 ships have been sunk or captured/{0}的船隻已沉沒或被俘獲。,Round End Reasons
The 0 troops in the battlefield have been eliminated/{0}在戰場上的士兵都被消滅。,Round End Reasons
There are not enough players to continue the match/沒有足夠的玩家繼續比賽。,Round End Reasons
Two or more players have the same number of kills deaths and score/兩個或更多玩家擁有相同的殺敵數，死亡數和得分。,Round End Reasons
Your faction lost/你的陣營輸了！,Round End Reasons
Your faction won/你的陣營贏了！,Round End Reasons
Keys/Chinese (Traditional),Round End UI
Defeat/擊敗,Round End UI
End of Match/比賽結束,Round End UI
Match Duration/比賽持續時間,Round End UI
Total Rounds/總輪數,Round End UI
Total Score/總得分,Round End UI
Victory/勝利,Round End UI
Keys/Chinese (Traditional),Reinforcements Notifications
The 0 reinforcements have depleted Eliminate the remaining troops on the battlefield/{0}的增援次數已耗盡！消滅戰場上剩餘的士兵。,Reinforcements Notifications
Your reinforcements have been depleted Commit your last stand/你的增援次數已耗盡！堅持到最後一刻吧。,Reinforcements Notifications
Your reinforcements have been depleted You cannot spawn anymore/你的增援次數已耗盡！你無法再出生了,Reinforcements Notifications
Keys/Chinese (Traditional),Friendly Fire Notifications
Youve hit a friendly player Watch out/注意！你誤傷了隊友。,Friendly Fire Notifications
Keys/Chinese (Traditional),Time Values
Wait/等待,Time Values
minute/分,Time Values
minutes/分,Time Values
second/秒,Time Values
seconds/秒,Time Values
Cooldown/冷卻,Time Values
Duration/持續時間,Time Values
Sec/秒,Time Values
Min/分,Time Values
Keys/Chinese (Traditional),Breakdown Score Types
Assist Kill/助攻擊殺,Breakdown Score Types
Dominating/主宰,Breakdown Score Types
Drowned/溺水,Breakdown Score Types
Enemy Hit/擊傷敵人,Breakdown Score Types
Enemy Killed/擊殺敵人,Breakdown Score Types
Environment/環境,Breakdown Score Types
Environment Damaged/破壞,Breakdown Score Types
Environment Damaged Assist/助攻,Breakdown Score Types
Fatal Fall/致命擊殺,Breakdown Score Types
Flag Bearer Kill/擊殺旗手,Breakdown Score Types
Friendly Hit/隊友誤傷,Breakdown Score Types
FriendlyPlayerDamagedEmplacement/擊中友軍工事,Breakdown Score Types
FriendlyPlayerDestroyedEmplacement/破壞友軍工事,Breakdown Score Types
Headshot/擊中頭部,Breakdown Score Types
Kill Streak/連續擊殺,Breakdown Score Types
Killing Spree/殺人狂魔,Breakdown Score Types
Long Range/遠距離,Breakdown Score Types
Multi Kill/多次擊殺,Breakdown Score Types
Officer Kill/擊殺軍官,Breakdown Score Types
Oh thats brutal/不可阻擋,Breakdown Score Types
PlayerBuildingEmplacement/建造工事,Breakdown Score Types
PlayerBuiltEmplacement/工事已建造,Breakdown Score Types
PlayerDestroyedEmplacement/工事已摧毀,Breakdown Score Types
PlayerDestroyingEmplacement/摧毀工事,Breakdown Score Types
PlayerRepairedEmplacement/修復了進駐,Breakdown Score Types
PlayerRepairingArtillery/修理砲彈,Breakdown Score Types
PlayerRepairingEmplacement/修復進駐,Breakdown Score Types
Ship Damaged/擊中船隻,Breakdown Score Types
Ship Damaged Assist/擊中船隻助攻,Breakdown Score Types
Ship Sunk Assist/擊沉助攻,Breakdown Score Types
Ship Sunk Kill/擊沉,Breakdown Score Types
Team Kill/誤殺隊友,Breakdown Score Types
Unstoppable/勢不可擋,Breakdown Score Types
is/,Breakdown Score Types
is on a/正在,Breakdown Score Types
Support Class Kill/後勤兵種擊殺,Breakdown Score Types
HealedPlayer/治療玩家,Breakdown Score Types
AssistHealedPlayer/治療,Breakdown Score Types
InLine/排隊,Breakdown Score Types
Guard Kill/守衛殺人,Breakdown Score Types
Keys/Chinese (Traditional),Player Classes
British/ArmyInfantryOfficer/步兵軍官,Player Classes
British/ArmyLineInfantry/線列步兵,Player Classes
British/ArmyLineInfantry2/線列步兵(第92團),Player Classes
British/Bagpiper/風笛手,Player Classes
British/Cannoneer/砲手,Player Classes
British/Carpenter/木匠,Player Classes
British/CoastGuard/海岸守衛,Player Classes
British/Customs/海關步兵,Player Classes
British/Drummer/鼓手,Player Classes
British/Fifer/笛手,Player Classes
British/FlagBearer/旗手,Player Classes
British/Grenadier/擲彈兵,Player Classes
British/Guard/近衛,Player Classes
British/LightInfantry/輕步兵,Player Classes
British/NavalCaptain/艦長,Player Classes
British/NavalMarine/水兵,Player Classes
British/NavalSailor/水手,Player Classes
British/NavalSailor2/熟練水手,Player Classes
British/Rifleman/來福槍兵,Player Classes
British/Surgeon/軍醫,Player Classes
British/Violinist/小提琴手,Player Classes
French/ArmyInfantryOfficer/步兵軍官,Player Classes
French/ArmyLineInfantry/線列步兵,Player Classes
French/ArmyLineInfantry2/線列步兵(維斯圖拉),Player Classes
French/Bagpiper/風笛手,Player Classes
French/Cannoneer/砲手,Player Classes
French/Carpenter/木匠,Player Classes
French/CoastGuard/海岸守衛,Player Classes
French/Customs/海關步兵,Player Classes
French/Drummer/鼓手,Player Classes
French/Fifer/笛手,Player Classes
French/FlagBearer/旗手,Player Classes
French/Grenadier/擲彈兵,Player Classes
French/Guard/近衛,Player Classes
French/LightInfantry/輕步兵,Player Classes
French/NavalCaptain/艦長,Player Classes
French/NavalMarine/水兵,Player Classes
French/NavalSailor/水手,Player Classes
French/NavalSailor2/熟練水手,Player Classes
French/Rifleman/來福槍兵,Player Classes
French/Surgeon/軍醫,Player Classes
French/Violinist/小提琴手,Player Classes
Prussian/ArmyLineInfantry/線步兵,Player Classes
Prussian/ArmyInfantryOfficer/步兵軍官,Player Classes
Prussian/Guard/守護,Player Classes
Prussian/LightInfantry/輕步兵,Player Classes
Prussian/ArmyLineInfantry2/線步兵（freikorps）,Player Classes
Prussian/Rifleman/步槍兵,Player Classes
Prussian/Surgeon/外科醫生,Player Classes
Prussian/FlagBearer/旗手,Player Classes
Prussian/Fifer/菲費爾,Player Classes
Prussian/Drummer/鼓手,Player Classes
Prussian/Sapper/工兵,Player Classes
Prussian/Cannoneer/砲手,Player Classes
Prussian/Grenadier/擲彈兵,Player Classes
Prussian/Carpenter/木匠,Player Classes
Keys/Chinese (Traditional),GameplayHints
HighCommandArmy/Description/按“{0}”發出指令,GameplayHints
Musician/Description/按“{0}”裝備{1},GameplayHints
Engineer/Description/按“{0}”裝備錘子,GameplayHints
Medic/Description/按住“{0}”來治療附近的盟友,GameplayHints
GameplayHints/提示,GameplayHints
Tooltips/工具提示,GameplayHints
MusicianToggle/Description/按“{0}”播放一首曲子,GameplayHints
EngineerToggle/Description/按住'{0}'來建造,GameplayHints
SwitchToMeleeHint/按“{0}”切換到近戰模式,GameplayHints
SwitchToFirearmHint/按“{0}”切換到射擊模式,GameplayHints
HighCommandArmyToggle/Description/按“{0}”停止下達指令,GameplayHints
OrdersAreDisabled/指令被禁用,GameplayHints
SailForwardDescription/按“{0}”啟航,GameplayHints
Keys/Chinese (Traditional),PlayerAbilities
HighCommandArmy/高級指揮部（陸軍）,PlayerAbilities
HighCommandArmyDescription/一名軍官。您可以向排名和檔案發出訂單。,PlayerAbilities
HighCommandNaval/高級指揮（海軍）,PlayerAbilities
HighCommandNavalDescription/一名上尉。你優先考慮航行一艘海軍艦艇。,PlayerAbilities
Medicine/醫學,PlayerAbilities
MedicineDescription/精通醫學領域。你能夠治愈受傷的球員。,PlayerAbilities
HorsebackRiding/騎馬,PlayerAbilities
HorsebackRidingDescription/訓練有素的騎馬藝術。你可以登上並駕駛戰爭的冰河戰鬥。,PlayerAbilities
EngineeringSpecialist/工程,PlayerAbilities
EngineeringSpecialistDescription/精通軍事工程建設。你可以製定各種防禦陣地並修復大砲。,PlayerAbilities
EngineeringBasics/工程基礎知識,PlayerAbilities
EngineeringBasicsDescription/軍事工程建設基礎培訓。你可以協助其他工程師建立防禦陣地並建造反步兵團。,PlayerAbilities
Carpentry/木工,PlayerAbilities
CarpentryBasics/擅長木製品。你可以修復受損的海軍艦艇和大砲。,PlayerAbilities
ArtilleryOperator/砲兵經營者,PlayerAbilities
ArtilleryOperatorDescription/精通各種火砲的操作。你優先使用野戰炮，攻城炮和迫擊砲。,PlayerAbilities
RocketOperator/火箭操作員,PlayerAbilities
RocketOperatorDescription/精通火箭的操作。你優先使用火箭發射器。,PlayerAbilities
ExplosivesHandling/爆炸物處理,PlayerAbilities
ExplosivesHandlingDescription/精通炸藥的處理。你可以攜帶爆炸物。,PlayerAbilities
RankAndFile/排名和檔案,PlayerAbilities
RankAndFileDescription/鑽頭，鑽頭和更多鑽頭。您廣泛的紀律使您可以從軍官的命令中獲得槍械準確性和近戰傷害獎勵。您還可以從音樂家和旗手那裡獲益。,PlayerAbilities
Guardsman/近衛兵,PlayerAbilities
GuardsmanDescription/責任必須保護高級指揮。你減少了對附近盟軍軍官造成的傷害{0}％（疊加{1}次）。,PlayerAbilities
Musician/音樂家,PlayerAbilities
MusicianDescription/盛況和環境。您將等級和檔案的槍支準確度提高{0}％。如果另一位音樂家和你一起演奏曲調，獎金會上升到{1}％。,PlayerAbilities
StandardBearer/標準持票人,PlayerAbilities
StandardBearerDescription/在戰場上游行你的派系的顏色。當您的旗幟裝備時，您可以提高為等級和檔案重新加載槍械的速度{0}％。,PlayerAbilities
Abilities/能力,PlayerAbilities
FormLine/形式線,PlayerAbilities
FormLineDescription/指示等級和檔案形成一條線，以便跟隨光榮的火槍凌空射擊。使用滾輪旋轉標記。,PlayerAbilities
MakeReady/做好準備！,PlayerAbilities
MakeReadyDescription/指導等級和檔案為他們的火槍做好準備。排隊的步兵將收到命令，以準備他們的槍支準備開始凌空射擊。,PlayerAbilities
Fire/火！,PlayerAbilities
FireDescription/指示等級和檔案開始光榮的凌空射擊。您可以通過{0}％提高所有對您的訂單有效的好人的槍械準確度。,PlayerAbilities
FireAtWill/隨意射擊！,PlayerAbilities
FireAtWillDescription/指示等級和檔案按照自己的意願開始射擊。你增加{0}％排隊的所有優秀男子的槍械準確度。,PlayerAbilities
CeaseFire/停火,PlayerAbilities
CeaseFireDescription/指示等級和檔案停火。利用這個讓紳士知道他們應該停止射擊。,PlayerAbilities
Charge/收費！,PlayerAbilities
ChargeDescription/在光榮的衝鋒之前召集你的男人，並命令他們用刺刀裝備前進。你會在短時間內顯著增加近戰傷害。,PlayerAbilities
BreakRankAndFollow/打破排名並跟隨,PlayerAbilities
BreakRankAndFollowDescription/指示等級和檔案打破他們的等級並遵循。利用這個讓男人知道你在移動位置。,PlayerAbilities
Reinforce/加強,PlayerAbilities
"ReinforceDescription/告訴高級指揮官和其他紳士，你們迫切需要增援。信標將放置在您的位置。
這些可以通過相同的按鍵切換打開和關閉。",PlayerAbilities
Orders/命令,PlayerAbilities
Keys/Chinese (Traditional),PlayerEquipment
Spyglass/望遠鏡,PlayerEquipment
SpyglassDescription/遠距離發現敵人。按“{0}”裝備望遠鏡。,PlayerEquipment
Lantern/燈籠,PlayerEquipment
LanternDescription/在黑暗中點亮你的方式或者知道你的位置。按“{0}”裝備燈籠。,PlayerEquipment
MarchingDrumFrench/鼓,PlayerEquipment
MarchingDrumBritish/鼓,PlayerEquipment
MarchingDrumPrussian/鼓,PlayerEquipment
MarchingDrumFrenchDescription/盛況和環境。光榮地鼓勵你通過戰場並支持等級和檔案。按“{0}”鍵配備本樂器。,PlayerEquipment
MarchingDrumBritishDescription/盛況和環境。光榮地鼓勵你通過戰場並支持等級和檔案。按“{0}”鍵配備本樂器。,PlayerEquipment
MarchingDrumPrussianDescription/盛況和環境。光榮地鼓勵你通過戰場並支持等級和檔案。按“{0}”鍵配備本樂器。,PlayerEquipment
Musket_SeaServiceBrownBess/海上服務棕色bess,PlayerEquipment
Musket_CharlevilleMarinePatternANIX/Charleville Musket Marine-Pattern An IX,PlayerEquipment
Musket_IndiaPatternBrownBess/印度模式布朗貝絲,PlayerEquipment
Musket_CharlevilleIXXII/Charleville步槍ix / Xiii,PlayerEquipment
Musket_NewLandPatternBrownBess/新的土地模式棕色bess,PlayerEquipment
Musket_CharlevilleGuardPattern/Charleville步槍護衛模式,PlayerEquipment
Musket_NewLandLightInfantryPatternBrownBess/新陸地輕步兵圖案棕色貝斯,PlayerEquipment
Musket_CharlevilleDragoonPattern/Charleville步槍模式,PlayerEquipment
Carbine_Elliot/艾略特卡賓槍,PlayerEquipment
Carbine_CharlevilleCavalryIXXIII/Charleville Cavalry Carbine Ix / Xiii,PlayerEquipment
Carbine_1089Pattern/1089型卡賓槍,PlayerEquipment
Rifle_Pattern1800Infantry/貝克步槍（模式1800步兵步槍）,PlayerEquipment
Rifle_CharlevilleDragoonPattern_NoBayonet/Charleville步槍模式,PlayerEquipment
Pistol_SeaService/海上服務手槍,PlayerEquipment
Pistol_XIII/手槍xiii,PlayerEquipment
Pistol_NewLandPattern/新型陸地手槍,PlayerEquipment
Pistol_PrussianHussar/普魯士輕騎兵手槍,PlayerEquipment
Blunderbuss_Variation1/銃,PlayerEquipment
Blunderbuss_Variation2/銃,PlayerEquipment
Axe2H_Variation1/雙手斧,PlayerEquipment
Axe2H_Variation2/雙手斧,PlayerEquipment
Carpenter_Adze/木匠錛,PlayerEquipment
Carpenter_Axe/木匠斧頭,PlayerEquipment
Sword_Pattern1803FlankOfficer/模式1803側翼軍官的軍刀,PlayerEquipment
Sword_1796Heavy/1796年重劍,PlayerEquipment
Sword_XIHeavy/Xi重劍,PlayerEquipment
Sabre_AnXILight/一把光劍,PlayerEquipment
Sabre_1715Pattern/1715年圖案軍刀,PlayerEquipment
Sabre_PrussianHussar/普魯士輕騎兵軍刀,PlayerEquipment
Sabre_1796PatternLight/1796年圖案光劍,PlayerEquipment
Sword_Bayonet/劍刺刀,PlayerEquipment
Sabre_Briquet/佩劍煤球,PlayerEquipment
Hanger_Variation1/衣架,PlayerEquipment
Hanger_Variation2/衣架,PlayerEquipment
Cutlass_1804PatternNaval/1804模式海軍彎刀,PlayerEquipment
Cutlass_YearIXBoardingSabre/年ix寄宿軍刀,PlayerEquipment
Dagger_Variation1/匕首,PlayerEquipment
Dagger_Variation2/匕首,PlayerEquipment
Knife_Variation1/刀,PlayerEquipment
Knife_Variation2/刀,PlayerEquipment
BoardingPike_Variation1/登船派克,PlayerEquipment
BoardingPike_Variation2/登船派克,PlayerEquipment
Melee/亂鬥,PlayerEquipment
Firearm/火器,PlayerEquipment
Miscellaneous/雜,PlayerEquipment
Violin/小提琴,PlayerEquipment
BearingFlagBritish/旗,PlayerEquipment
BearingFlagFrench/旗,PlayerEquipment
BearingFlagPrussian/旗,PlayerEquipment
Bagpipes/風笛,PlayerEquipment
BagpipesDescription/ 一種真正的蘇格蘭人武器。光榮地穿越戰場並支持等級和檔案。按“{0}”鍵配備本樂器。,PlayerEquipment
ConstructingHammer/錘子,PlayerEquipment
DeconstructingHammer/大錘,PlayerEquipment
DiggingSpade/鏟,PlayerEquipment
FifeFrench/龠,PlayerEquipment
FifeBritish/龠,PlayerEquipment
FifePrussian/龠,PlayerEquipment
FifeBritishDescription/盛況和環境。光榮地在戰場上肆意揮灑，支持等級和檔案。按“{0}”鍵配備本樂器。,PlayerEquipment
FifePrussianDescription/盛況和環境。光榮地在戰場上肆意揮灑，支持等級和檔案。按“{0}”鍵配備本樂器。,PlayerEquipment
FifeFrenchDescription/盛況和環境。光榮地在戰場上肆意揮灑，支持等級和檔案。按“{0}”鍵配備本樂器。,PlayerEquipment
Damage/損傷,PlayerEquipment
Reach/達到,PlayerEquipment
Accuracy/準確性,PlayerEquipment
ReloadTime/重裝時間,PlayerEquipment
AbleToBlock/能夠阻止,PlayerEquipment
StrikeDirections/罷工方向,PlayerEquipment
Range/範圍,PlayerEquipment
Yes/是,PlayerEquipment
No/沒有,PlayerEquipment
Seconds/秒,PlayerEquipment
Ammunition/彈藥,PlayerEquipment
Shots/鏡頭,PlayerEquipment
Bayonet/刺刀,PlayerEquipment
Speed/速度,PlayerEquipment
ViolinDescription/纖細的頸部，優雅的弧形身體和光滑的表面。在一位大師的手中，它像是一個令人難以忘懷的警笛聲。按“{0}”鍵配備本樂器。,PlayerEquipment
BayonetDescription/步槍的尖端結束。將它附加到您可信賴的槍支上並按“{0}”將其用作長矛。,PlayerEquipment
MusketDescription/裝有槍口的槍口裝有尖頭。一起製造，他們是你快速工作的最佳選擇。,PlayerEquipment
RifleDescription/Crackshot的首選武器。在遠距離有效，它是一個厭倦的槍支。,PlayerEquipment
CarbineDescription/比步槍更短，更輕，更容易處理。騎在馬背上的單位或承載重物的單位是首選。,PlayerEquipment
PistolDescription/單發槍口裝載槍支受其短程和損壞限制但快速重裝。前線部隊的堅實防守選擇。,PlayerEquipment
BlunderbussDescription/獵槍。能夠一次結束多個步兵。,PlayerEquipment
CutlassDescription/一種主要與海軍相關的野蠻削減武器。近距離接觸的可怕選擇。,PlayerEquipment
OfficerWeaponDescription/斜線和推力。牢牢抓住它的柄，集結部隊並使你的立場。,PlayerEquipment
ShortBladedSwordDescription/短刀劍。當事情近距離接觸和個人化時，請裝備這個。,PlayerEquipment
KnifeDescription/這比用你的拳頭做臭名昭著的行為更好。,PlayerEquipment
2HAxeDescription/它的絕對力量使得這種武器在與玩家建造的防禦系統相媲美時非常理想。,PlayerEquipment
DeconstructingHammerDescription/擊倒敵人防禦或解構自己的防禦。它在收集材料以構建防禦方面相對有效。,PlayerEquipment
1HAxeDescription/單手揮動，這種近戰武器對於玩家建造的建築和步兵都是有效的。,PlayerEquipment
BearingFlagDescription/集結軍隊。飛你的陣營的標準，以支持排名和檔案。,PlayerEquipment
ConstructingHammerDescription/建造玩家建造的防禦系統，修理火砲或輕輕敲擊一個不知情的人的頭部。按“{0}”裝備錘子並開始構建防禦。,PlayerEquipment
CannonRamRodDescription/準備好槍支。拉姆野戰炮，長槍和砲兵或勇敢地試圖用它來抵擋敵人。,PlayerEquipment
SpadeDescription/挖掘工具。利用它來提升土方工程，增強團隊的防禦能力。,PlayerEquipment
BoardingPikeDescription/在你的船甲板上抵擋敵人的船員。充分利用其產品系列。,PlayerEquipment
CannonRamRod/撞桿,PlayerEquipment
Keys/Chinese (Traditional),PlayerTraits
Navigator/航海家,PlayerTraits
NavigatorDescription/公海的導航員。您可以通過{0}％提高您所指揮的海軍艦艇的機動性。,PlayerTraits
AbleSwimmer/能夠游泳的人,PlayerTraits
AbleSwimmerDescription/裝備簡單。您的游泳速度提高{0}％。,PlayerTraits
Distinguishable/可分辨,PlayerTraits
DistinguishableDescription/從排名和檔案中脫穎而出。您在迷你地圖上的顯示方式不同。,PlayerTraits
Resilient/彈性,PlayerTraits
ResilientDescription/責任心強。其他玩家造成的近戰傷害降低{0}％。,PlayerTraits
Armoured/裝甲,PlayerTraits
ArmouredDescription/配備胸甲，保護您免受步槍和手槍射擊。你被保證能夠通過槍支在一次射擊中倖存下來。,PlayerTraits
LightFooted/輕腳,PlayerTraits
LightFootedDescription/快速靈活。你的跑步速度提高了{0}％，但你使用近戰武器可以減少傷害。,PlayerTraits
SkilfulRider/熟練的騎手,PlayerTraits
SkilfulRiderDescription/精通騎馬藝術。騎馬時的速度提高{0}％。,PlayerTraits
ChosenMan/選擇的男人,PlayerTraits
ChosenManDescription/享有盛譽的第95名。你是一個被選中的男人！它讓你感到特別。,PlayerTraits
Marksman/射手,PlayerTraits
MarksmanDescription/裂紋出手。使用槍械時的準確度提高了{0}％，但重新加載速度降低了{1}％。,PlayerTraits
Skirmisher/前衛,PlayerTraits
SkirmisherDescription/掌握有關小規模戰術的知識。在蹲伏時使用槍械時的準確度提高了{0}％，但在受到近戰武器攻擊時會受到更多傷害。,PlayerTraits
EliteInfantry/精英步兵,PlayerTraits
EliteInfantryDescription/訓練有素，經驗豐富。你處理近戰武器的傷害提高{0}％。你使用比其他更大的近戰範圍的步槍。,PlayerTraits
MountedFirearmSpecialisation/安裝槍支專業化,PlayerTraits
MountedFirearmSpecialisationDescription/在騎馬時使用槍械經驗豐富。從馬背上射擊手槍和卡賓槍時的傷害提高{0}％。,PlayerTraits
MountedSwordSpecialisation/裝劍專業化,PlayerTraits
MountedSwordSpecialisationDescription/在馬背上練習各種劍術技巧。在騎馬時揮舞劍的傷害提高{0}％。,PlayerTraits
MusketSpecialisation/步槍專精,PlayerTraits
MusketSpecialisationDescription/使用火槍來表現出色。射擊步槍時的傷害提高{0}％。使用刺刀擊打時，你的傷害也會增加{1}％。,PlayerTraits
BayonetSpecialisation/刺刀專業化,PlayerTraits
BayonetSpecialisationDescription/Excel使用刺刀。用刺刀擊打時的傷害提高{0}％。,PlayerTraits
BlunderbussSpecialisation/Blunderbuss專業化,PlayerTraits
BlunderbussSpecialisationDescription/使用blunderbusses表現出色。射擊大錯時你的傷害提高{0}％，準確度提高{1}％。,PlayerTraits
PistolSpecialisation/手槍專業化,PlayerTraits
PistolSpecialisationDescription/Excel使用手槍。射擊手槍時的傷害提高{0}％，準確度提高{1}％。,PlayerTraits
PikeSpecialisation/派克專業化,PlayerTraits
PikeSpecialisationDescription/使用登機長矛。揮動長矛時你的傷害提高{0}％。,PlayerTraits
SwordSpecialisation/劍專業化,PlayerTraits
SwordSpecialisationDescription/Excel使用劍。使用劍時你的傷害提高{0}％。,PlayerTraits
AxeSpecialisation/斧頭專業化,PlayerTraits
AxeSpecialisationDescription/Excel使用軸。揮動斧頭時的傷害提高{0}％。當摧毀玩家建造的防禦，門和其他軍事工程時，你的傷害也會顯著增加。,PlayerTraits
ExplosivesSpecialist/炸藥專家,PlayerTraits
ExplosivesSpecialistDescription/訓練有使用揮發性爆炸物。攜帶爆炸物時移動的速度提高{0}％。,PlayerTraits
CannonSpecialisation/加農炮專業化,PlayerTraits
CannonSpecialisationDescription/使用和射擊大砲和迫擊砲。您的撞擊和推動速度提高{0}％。,PlayerTraits
RocketSpecialisation/火箭專業化,PlayerTraits
RocketSpecialisationDescription/與火箭的使用和射擊一起使用。您的加載速度提高{0}％。,PlayerTraits
RankDiscipline/等級紀律,PlayerTraits
RankDisciplineDescription/在編隊期間，在射擊藝術中訓練和訓練。蹲伏和用槍支射擊時的準確度提高{0}％。,PlayerTraits
Traits/性狀,PlayerTraits
Keys/Chinese (Traditional),Scoreboard
D/死亡,Scoreboard
K/殺敵,Scoreboard
Player/玩家,Scoreboard
Players/玩家,Scoreboard
S/得分,Scoreboard
Score Board/得分板,Scoreboard
Keys/Chinese (Traditional),VoicesAndShouts
SelectAShoutToPlay/選擇要播放的喊叫,VoicesAndShouts
SelectASongToPlay/選擇要播放的歌曲,VoicesAndShouts
SailingAndNavigation/帆船和航海,VoicesAndShouts
GunsAndRocketDrills/槍和火箭訓練,VoicesAndShouts
MusketDrills/步槍練習,VoicesAndShouts
Interactions/互動,VoicesAndShouts
Keys/Chinese (Traditional),Interactable Objects
Aim Cannon/瞄準,Interactable Objects
Aim Rocket/瞄準,Interactable Objects
Assist Build Object/建立工事 - 協助,Interactable Objects
Assist Repair Object/修復工事 - 協助,Interactable Objects
Build Object/建立工事,Interactable Objects
Cancel Launch Rowboat/取消下水划艇,Interactable Objects
Cancel Load Ammo/取消裝載彈藥,Interactable Objects
Cancel Load Rocket Ammo/取消裝載火箭,Interactable Objects
Cancel Packing Rocket Rack/取消收起火箭發射器,Interactable Objects
Cancel Ram Ammo/取消沖壓彈藥,Interactable Objects
Cancel Unpacking Rocket Rack/取消安裝火箭發射器,Interactable Objects
CancelDefuseExplosiveBarrel/取消拆除爆炸桶,Interactable Objects
Carry Ladder/攜帶梯子,Interactable Objects
Carry Rocket Rack/攜帶火箭發射器,Interactable Objects
CarrySwivelGunBarrel/攜帶回轉炮,Interactable Objects
CancelCarrySwivelGunBarrel/取消攜帶回轉炮,Interactable Objects
Climb/爬,Interactable Objects
Close/關閉,Interactable Objects
Damage Object/擊中工事,Interactable Objects
Deconstruct Object/擊毀工事,Interactable Objects
DefuseExplosiveBarrel/破壞爆炸桶,Interactable Objects
Drop Ladder/丟掉梯子,Interactable Objects
Fire Cannon/开炮,Interactable Objects
Fire Rocket/發射火箭,Interactable Objects
FireamRefillCancel/取消補充彈藥,Interactable Objects
FirearmRefill/撿起{0} {1}子彈[{2}],Interactable Objects
FirearmRefillGeneric/撿起{0}火器彈藥筒[{1}],Interactable Objects
FullFirearmWeapons/你不能攜帶更多槍支,Interactable Objects
FullMeleeWeapons/你不能攜帶更多的近戰武器,Interactable Objects
GunNotFoundForThatAmmo/你沒有{0},Interactable Objects
GunNotSuitable/裝備你的槍支,Interactable Objects
Hold/按住,Interactable Objects
Launch Rowboat/划船,Interactable Objects
LeftClick/鼠標左鍵點擊,Interactable Objects
Load Ladder/升起梯子,Interactable Objects
NoAmmoRemaining/彈藥已無剩餘,Interactable Objects
NoAmmoRemainingForYou/你拿了你的那份,Interactable Objects
NoAmmoRequired/{0}彈藥已滿,Interactable Objects
NoMoreWeaponRemaining/沒有{0}了,Interactable Objects
Open/打開,Interactable Objects
Pack Rocket Rack/收起火箭發射器,Interactable Objects
PickupWeapon/撿起{0} [{1}],Interactable Objects
PickupWeaponCancel/取消撿起{0},Interactable Objects
Place Object/安置工事,Interactable Objects
Play/演奏,Interactable Objects
PlayInworldSoundBell/響鈴,Interactable Objects
PlayInworldSoundChurchBell/響鈴,Interactable Objects
PlayInworldSoundShipBell/響鈴,Interactable Objects
Press/按,Interactable Objects
Pump/泵,Interactable Objects
Push Cannon/推大炮,Interactable Objects
Release/發布,Interactable Objects
Repair Object/修復工事,Interactable Objects
Sail Ship/駕駛船隻,Interactable Objects
Set Assist Ladder Moveable/移動梯子 - 協助,Interactable Objects
Set Assist Movable/移動大砲 - 協助,Interactable Objects
Set Assist Rocket Moveable/攜帶火箭發射器 - 協助,Interactable Objects
Set Load Ammo/裝填彈藥,Interactable Objects
Set Load Rocket Ammo/裝載火箭,Interactable Objects
Set Movable/移動大砲,Interactable Objects
Set Ram Ammo/沖壓彈藥,Interactable Objects
Sit/坐,Interactable Objects
Stop Assist Ladder Moveable/停止移動梯子 - 協助,Interactable Objects
Stop Assist Moving/停止移動大砲 - 協助,Interactable Objects
Stop Assist Rocket Moveable/停止攜帶火箭發射器 - 協助,Interactable Objects
Stop Carrying Rocket Rack/停止攜帶火箭發射器,Interactable Objects
Stop Moving/停止移動大砲,Interactable Objects
Turn Off/熄滅,Interactable Objects
Turn On/點亮,Interactable Objects
Unload Ladder/下階梯,Interactable Objects
Unpack Rocket Rack/安裝火箭發射器,Interactable Objects
Use ammo box/使用彈藥箱,Interactable Objects
Use rocket stack/使用火箭堆,Interactable Objects
UseExplosiveBarrel/使用爆炸桶,Interactable Objects
UseLanternBox/使用提燈,Interactable Objects
UseSpyglassBox/使用望遠鏡盒,Interactable Objects
Wait/等待,Interactable Objects
WeaponNotFound/你不能使用{0},Interactable Objects
YouAlreadyHaveThatWeapon/你已經有了{0},Interactable Objects
Keys/Chinese (Traditional),PlayerRoles
TheArmy/軍隊,PlayerRoles
TheNavy/海軍,PlayerRoles
TheCoastGuard/海岸警衛隊,PlayerRoles
Command/命令,PlayerRoles
RankFile/排名和檔案,PlayerRoles
Skirmisher/前衛,PlayerRoles
Artillery/砲兵,PlayerRoles
Cavalry/騎兵,PlayerRoles
Crewman/船員,PlayerRoles
Support/後援,PlayerRoles
Keys/Chinese (Traditional),PlayerClassDescriptions
ArmyLineInfantry/堅定。訓練有素，使用火槍。,PlayerClassDescriptions
NavalMarine/海軍陸戰隊員。排斥寄宿生和沿海入侵。,PlayerClassDescriptions
NavalCaptain/船上的權力。指揮船員。,PlayerClassDescriptions
NavalSailor/船員。 Cutlass是他們的首選武器。,PlayerClassDescriptions
NavalSailor2/資深船員。在遠處發射敵艦。,PlayerClassDescriptions
ArmyInfantryOfficer/帶領他的人走向勝利。命令等級和文件。,PlayerClassDescriptions
CoastGuard/衛兵防禦工事。火槍和大砲是他的強項。,PlayerClassDescriptions
Carpenter/斧頭持有者。擅長摧毀敵人的陣地。,PlayerClassDescriptions
Surgeon/研究醫學。通過治療盟軍來支援盟軍。,PlayerClassDescriptions
Rifleman/神槍手。從遠處挑選步兵。,PlayerClassDescriptions
LightInfantry/快速的腳踏車。以更快的速度前進。,PlayerClassDescriptions
FlagBearer/標準持票人。支持獎金等級和檔案。,PlayerClassDescriptions
Customs/在巡邏的Skirmisher。以更快的速度前進。,PlayerClassDescriptions
Drummer/播放精美的旋律。支持獎金等級和檔案。,PlayerClassDescriptions
Fifer/播放精美的旋律。支持獎金等級和檔案。,PlayerClassDescriptions
Guard/精英步兵。守衛高命令並在近戰中表現出色。,PlayerClassDescriptions
Violinist/播放精美的旋律。支持獎金等級和檔案。,PlayerClassDescriptions
Grenadier/最大的士兵。增加近戰生存能力。,PlayerClassDescriptions
Bagpiper/播放精美的旋律。支持獎金等級和檔案。,PlayerClassDescriptions
ArmyLineInfantry2/堅定。訓練有素，使用火槍。,PlayerClassDescriptions
Cannoneer/砲兵。擅長摧毀強化的陣地。,PlayerClassDescriptions
Rocketeer/火箭人。擅長摧毀強化的陣地。,PlayerClassDescriptions
Sapper/構建防禦性作品。支持盟軍。,PlayerClassDescriptions
Hussar/精心裝扮。用馬在劍上的精彩演出。,PlayerClassDescriptions
Dragoon/騎兵步兵。在馬背上的Carabineers。,PlayerClassDescriptions
Keys/Chinese (Traditional),Ammo Values
Carcass Rocket/胴體火箭,Ammo Values
Carry Ammo Requirements/需要炮兵或火箭兵,Ammo Values
Carry Ammobox/攜帶彈藥,Ammo Values
Carry Rocket Ammobox/攜帶一捆,Ammo Values
Carry Rocket Stack Requirements/需要炮兵或者火箭兵,Ammo Values
Carry the ammo box around/隨身攜帶彈藥箱,Ammo Values
Carry the rocket ammo box around/隨身攜帶火箭彈藥箱,Ammo Values
CarryExplosiveBarrel/攜帶爆炸物,Ammo Values
CarryExplosiveBarrel Description/隨身攜帶爆炸桶,Ammo Values
CarryExplosiveBarrel Requirements/需要工兵或木匠,Ammo Values
Case Rocket/彈殼火箭,Ammo Values
Chain Shot/鏈彈,Ammo Values
Grape Shot L/霰弹（大号）,Ammo Values
Grape Shot S/霰弹（小号）,Ammo Values
IgniteExplosiveBarrel/點燃,Ammo Values
IgniteExplosiveBarrel Description/點燃引信,Ammo Values
Lantern/燈籠,Ammo Values
Lantern Description/毀滅性的大規模殺傷性武器,Ammo Values
Long range solid iron shot/遠射程實心鐵彈,Ammo Values
Mass of small solid iron shots/大量的小實心鐵彈,Ammo Values
Round Shot/實心彈,Ammo Values
Shell Rocket/貝殼火箭,Ammo Values
Shell Rocket Description/充滿黑色火藥的球形頭,Ammo Values
Spyglass/望遠鏡,Ammo Values
Spyglass Description/發現遠處的人,Ammo Values
Tears sails and cuts rigging/撕毀船帆和切斷鎖具,Ammo Values
Keys/Chinese (Traditional),Game Mode Information Panel
Attacker Objectives/進攻方目標,Game Mode Information Panel
Defender Objectives/防禦方目標,Game Mode Information Panel
Game Info/遊戲信息,Game Mode Information Panel
Game Mode/遊戲模式,Game Mode Information Panel
Game Type/遊戲類型,Game Mode Information Panel
Game Type  Hardcore/遊戲類型-硬核,Game Mode Information Panel
Objectives/目標,Game Mode Information Panel
Round Details/回合細節,Game Mode Information Panel
Game Objectives/遊戲目標,Game Mode Information Panel
Keys/Chinese (Traditional),Hardcore Game Type Information 
Enemies dont show on the minimap when they fire their weapons Pay attention to your surroundings/敵人們開火時不會顯示在小地圖上。注意你的周圍！,Hardcore Game Type Information 
Friendlies are only shown on the minimap at a close distance Officers must pay close attention to the ongoings on the battlefield/只有近距離的隊友才會顯示在小地圖上。軍官必須密切關注戰場上的形勢。,Hardcore Game Type Information 
Your accuracy with firearms over long distances is reduced The distance at which you engage your enemy is vital to increase your success at hitting your target/你的火槍遠距離射擊時精準度會下降。你與敵人的交戰距離對於增加你擊中敵人的成功率至關重要。,Hardcore Game Type Information 
Your ammunition is limited Every shot counts/你的彈藥有限！每一發都算進去！,Hardcore Game Type Information 
Keys/Chinese (Traditional),Game Mode Information Details
Brawl/全力以赴的戰鬥！達到一定的殺敵數便可獲得勝利。,Game Mode Information Details
AttackersCapturePrimaryObjects/攻擊者！在計時器用完之前捕獲所有主要目標。協調攻擊並使用火砲突破防禦。 “孤獨的希望”造成的生命損失是必要的犧牲。,Game Mode Information Details
InvadersCaptureEnemyFortification/入侵者！捕獲對立陣營的防禦工事。在海軍陸戰隊員和船員登陸岸之前，充分利用火箭和大砲突破防禦陣地。,Game Mode Information Details
ControlAndConquer/控制和征服！保衛和捕捉地圖周圍的目標以取得勝利。,Game Mode Information Details
DefendersPreventAssaultingForces/防守者們！阻止所有突擊軍隊佔領你的主要據點。你必須在有限的增援次數內存活直到倒計時完畢。充分利用好掩體。,Game Mode Information Details
DefendersPreventInvadingForces/捍衛者！防止入侵部隊捕獲你的沿海防禦工事。你的增援是有限的。操縱堡壘的槍支，防止入侵者入侵。,Game Mode Information Details
EveryoneIsYourEnemy/所有人都是你的敵人。這包括了相同陣營的玩家。,Game Mode Information Details
GatherTickets/收集門票！控制比敵人收集門票更多的目標。這是贏得比賽的關鍵。,Game Mode Information Details
LastStand/堅持！這是你在無增援時最後一次扭轉乾坤的機會。,Game Mode Information Details
LimitedReinforcements/有限的增援！務必制定策略並進行協調。如果它們耗盡，你將無法再生成。,Game Mode Information Details
PlayTogetherCoordinateAssaults/一起玩！協調攻擊和製定戰略。除非你的團隊數量更多，否則目標不能被捕獲。,Game Mode Information Details
SailWithTheWind/迎風揚帆！小地圖上的箭頭方向為風向。轉向有利於你的流向。,Game Mode Information Details
RaiseSailsAndLowerThem/啟航！按[{0}]升高風帆，按[{1}]降低風速。,Game Mode Information Details
SingleLife/單身生活！如果你遇到了你的結局，你將不得不等待一輪完成才能重生。一定要好好利用它。,Game Mode Information Details
SinkEnemyShips/擊沉敵方船隻！充分利用好鏈彈和實心彈以擊沉敵方的船隻。與你船上的隊友協力達成目標。,Game Mode Information Details
SpawningInWaves/出生會以一波進行。利用其當做集合和組織的機會。,Game Mode Information Details
Spyglass/使用望遠鏡來辨別隊友。所有海軍船隻都會懸掛著其所屬陣營的旗幟。,Game Mode Information Details
MeleeCombat/在近戰競技場中最好的對手！制定戰略並罷工。阻擋是贏得比賽的關鍵。,Game Mode Information Details
Rowboats/一旦沉沒，船舶不會重生！如果您的船隻通往海底，請使用划艇登船和船員聯盟船隻。,Game Mode Information Details
Keys/Chinese (Traditional),Factions
French Empire/法蘭西帝國,Factions
Kingdom of Prussia/普魯士王國,Factions
United Kingdom/聯合王國,Factions
Austria/奧地利帝國,Factions
Russia/俄羅斯帝國,Factions
Spain/西班牙,Factions
OttomanEmpire/奧斯曼帝國,Factions
ConfederationOfTheRhine/萊茵河聯邦,Factions
Keys/Chinese (Traditional),Factions Alternative
British/英國人,Factions Alternative
French/法國的,Factions Alternative
Prussians/普魯士人,Factions Alternative
Austrians/奧地利人,Factions Alternative
Russians/俄羅斯人,Factions Alternative
Spanish/西班牙人,Factions Alternative
Ottomans/奧斯曼人,Factions Alternative
RhineConfederation/萊茵聯邦,Factions Alternative
Keys/Chinese (Traditional),Map Names
AncientPlains/古老的平原,Map Names
ArcticSea/北冰洋,Map Names
ArendanRiver/阿倫丹河,Map Names
BalamorBay/巴拉莫灣,Map Names
BlackForest/黑森林,Map Names
CampSalamanca/薩拉曼卡營地,Map Names
Canyon/峽谷,Map Names
Caribbean/加勒比海,Map Names
CastleArena/城堡競技場,Map Names
Causeways/堤道,Map Names
ColonialTown/殖民鎮,Map Names
CrossHills/交錯山嶺,Map Names
DesertPlains/沙漠平原,Map Names
DesertPlainsSmall/沙漠平原,Map Names
DesertRuins/沙漠廢墟,Map Names
DutchCanals/荷蘭運河,Map Names
Egypt/塔希爾沙漠,Map Names
ErnestRidge/歐內斯特嶺,Map Names
FortArena/堡壘競技場,Map Names
FortChristiana/克里斯蒂娜要塞,Map Names
FortNational/帝國要塞,Map Names
FortPierre/皮埃爾堡,Map Names
FortSalettes/堡壘,Map Names
FortSchwarz/施瓦茨堡,Map Names
FortWinston/堡壘溫斯頓,Map Names
GarrisonArena/駐軍競技場,Map Names
GrassyPlains/草地平原1（l）,Map Names
GrassyPlainsII/草地平原2（l）,Map Names
GrassyPlainsIII/草地平原3（l）,Map Names
HaroutiIslands/哈羅德群島,Map Names
Highlands/高地,Map Names
KingGeorge/喬治國王,Map Names
LighthouseIslands/燈塔島,Map Names
Linburg/Linburg,Map Names
MartelloTower/圓形石堡,Map Names
Matanzas/馬坦薩斯要塞,Map Names
PalisadeArena/柵欄競技場,Map Names
RandomWaters/開放水域,Map Names
SacredArena/神聖的競技場,Map Names
SanMarcos/聖馬科斯,Map Names
Sharpton/夏普敦,Map Names
SnowyPlains/雪原1（l）,Map Names
SnowyPlainsII/雪原2（l）,Map Names
SnowyPlainsIII/雪原3（l）,Map Names
SnowyPlainsIV/雪原4（l）,Map Names
SnowyPlainsSmall/雪原（s）,Map Names
SnowyPlainsV/雪原5（l）,Map Names
SouthSeaCastle/南海城堡,Map Names
SpanishFarm/西班牙農場,Map Names
TestLevel/在測試中,Map Names
TestLevelII/在測試中,Map Names
TestLevelIII/在測試中,Map Names
TrainingGrounds/訓練場,Map Names
WatchtowerArena/瞭望塔競技場,Map Names
TestLevelIV/在測試中,Map Names
CustomMap/自定義地圖,Map Names
Keys/Chinese (Traditional),Capture Spawn Section Progress 
Capturing/正在佔領,Capture Spawn Section Progress 
Contested/爭奪中,Capture Spawn Section Progress 
The 0 are capturing 1/{0}正在佔領{1},Capture Spawn Section Progress 
The 0 have captured 1/{0}已佔領{1},Capture Spawn Section Progress 
Keys/Chinese (Traditional),Top Info Bar
Next wave in/下一波將出生於,Top Info Bar
Reinforcements/增援,Top Info Bar
Keys/Chinese (Traditional),Main Menu
Crews  Regiments/成員&軍團,Main Menu
Exit/離開,Main Menu
Language/語言,Main Menu
Play/開始遊戲,Main Menu
Settings/設定,Main Menu
Tournaments/錦標賽,Main Menu
Leaderboards/排行榜,Main Menu
MyPosition/我的位置,Main Menu
Rank/Rank,Main Menu
Global/全球,Main Menu
Class/類,Main Menu
Melee/亂鬥,Main Menu
Regiment/團,Main Menu
Crew/船員,Main Menu
Medals/獎牌,Main Menu
XP/經驗,Main Menu
Player/玩家,Main Menu
Score/分數,Main Menu
Keys/Chinese (Traditional),Round Players Control Panel
Are you sure you want to ban/你確定要封禁,Round Players Control Panel
Are you sure you want to chat mute/你確定要禁言,Round Players Control Panel
Are you sure you want to kick/你確定要踢出,Round Players Control Panel
Are you sure you want to kill/你確定要殺死,Round Players Control Panel
Are you sure you want to voip mute/你確定要靜音,Round Players Control Panel
Ban/封禁,Round Players Control Panel
ChatMute/發言,Round Players Control Panel
ID/ID,Round Players Control Panel
Kick/踢出,Round Players Control Panel
Kill/殺死,Round Players Control Panel
Message/私聊,Round Players Control Panel
Name/名稱,Round Players Control Panel
Reason/原因,Round Players Control Panel
Round Players/回合内玩家,Round Players Control Panel
VoipMute/語音,Round Players Control Panel
Keys/Chinese (Traditional),Round Objectives
Capture 0/佔領{0},Round Objectives
Capture and Defend objectives/佔領和捍衛目標,Round Objectives
Control more objectives to gather tickets/控制更多目標來收集票數,Round Objectives
DamageSplit/損害反射：{0}％,Round Objectives
Defend 0/防守{0},Round Objectives
Eliminate enemy crewmen/消滅敵方船員,Round Objectives
Eliminate enemy reinforcements/消滅敵人的增援,Round Objectives
Eliminate enemy troops/消滅敵軍,Round Objectives
Eliminate other players/消滅其他玩家,Round Objectives
FriendlyFireDisabled/友傷：無,Round Objectives
FriendlyFireEnabled/友傷：有,Round Objectives
Melee weapons only/只允許近戰武器,Round Objectives
Optional/可選的,Round Objectives
Single life/一條命,Round Objectives
Sink enemy ships/沉沒敵人的船隻,Round Objectives
Reinforce/加強,Round Objectives
Charge/衝鋒！,Round Objectives
FormLine/等待命令,Round Objectives
BreakRankAndFollow/打破等級和跟隨,Round Objectives
FireAtWill/隨意射擊！,Round Objectives
MakeReady/做好準備,Round Objectives
Fire/开火！,Round Objectives
CeaseFire/停火,Round Objectives
Officer_Orders/軍官的命令,Round Objectives
Keys/Chinese (Traditional),Spectating Panel
Spectating/旁觀中,Spectating Panel
Stop Spectating/停止旁觀,Spectating Panel
Keys/Chinese (Traditional),Chat Panel
Admin/管理,Chat Panel
Arty/附庸風雅,Chat Panel
Enter text/輸入文本…,Chat Panel
Musicians/樂手,Chat Panel
Officers/軍官,Chat Panel
Press/按,Chat Panel
Recruitment/招,Chat Panel
Riflemen/來福槍兵,Chat Panel
Round/所有,Chat Panel
Team/隊伍,Chat Panel
to chat/去聊天,Chat Panel
Keys/Chinese (Traditional),Game Tips
Tip/提示,Game Tips
TipAdminHelp/在Discord上請求官方服務器管理員的幫助。使用'report-a-player'頻道。按[{0}]鍵可在暫停菜單中找到Discord的鏈接。,Game Tips
TipDiscordCommunity/參加有組織的活動！加入社區Discord。按[{0}]鍵可在暫停菜單中找到Discord的鏈接。,Game Tips
TipAutoRun/按[{0}]鍵自動運行。,Game Tips
TipCameraMode/按[{0}]鍵來切換第1和第3人視圖。,Game Tips
TipCannonExplode/裝載的大砲在被毀時會爆炸。你最好小心點！,Game Tips
TipCaptainPoints/隊長為每一次成功擊中敵人船隻的射擊收集得分。,Game Tips
TipChainShot/利用鍊式射擊來摧毀一艘船。這項任務比圓擊更有效。,Game Tips
TipCombatMode/按{0}可切換近戰模式。將滑鼠滑向你想要的方向，然後按左鍵攻擊，或者右鍵去格擋。,Game Tips
TipMapBorders/你無法在七大洋上無休止地航行！邊框包含特定位置的參與。,Game Tips
TipMuteVoip/按{0}可屏蔽語音聊天中特定的玩家。,Game Tips
TipMuteChat/按[{0}]可通過聊天將特定個人靜音。,Game Tips
TipOrbitCamera/注意周圍環境！按住[{0}]鍵環顧四周。,Game Tips
TipRaiseSail/啟航！按[{0}]升高風帆，按[{1}]降低風速。,Game Tips
TipReticleDesign/通過“遊戲”設置自定義十字準線的外觀。,Game Tips
TipRecruitmentChat/可以通過“遊戲”設置切換招聘聊天頻道。,Game Tips
TipSwitchChannels/鍵入時按[{0}]鍵可在聊天頻道之間切換。,Game Tips
TipRiggingScout/通過爬到戰鬥頂部偵察敵人的船隻從更高的位置。尋找船舶索具旁邊的交互圖標。,Game Tips
TipSailWind/在風中航行時按數字鍵取下方形帆。它將提高船舶的機動性。,Game Tips
TipSailingDirection/隨風飄揚，收集戰術優勢。小地圖上箭頭的方向代表風的來源方向。,Game Tips
TipShipGuns/較大口徑的槍會造成更大的傷害並且射程更大。每艘船都配備了不同的武器庫。,Game Tips
TipShipStern/確保船的船尾不受傷害！如果銷毀將會造成重大損失。,Game Tips
TipSupportMusician/盛況和環境。通過在作為音樂家演奏時播放曲調，支持槍械準確性的等級和檔案。按[{0}]，然後按[{1}]。,Game Tips
TipSurgeonHealing/在玩外科醫生課時，按住[{0}]鍵可以治療其他玩家。你在治療其他球員時會得分。,Game Tips
TipVoipSpeak/按[{0}]通過VoIP與其他玩家通話。女士們，先生們，記得要尊重。,Game Tips
TipOfficerIssueOrder/堅定不移的人。通過按[{0}]鍵向步兵官類發出命令，以提供槍械準確度和近戰傷害加成的等級和檔案。,Game Tips
TipReceivedBuffs/在隊伍中盡職盡責。線路步兵，擲彈兵和守衛通過遵循軍官的命令獲得槍械準確性和近戰傷害獎勵。,Game Tips
TipSkirmish/不太熱衷於站在隊伍中？與步槍兵或輕型步兵課進行沖突並從遠處挑選目標。,Game Tips
TipSapperConstruct/通過工兵級強化戰略地位。按[{0}]裝備你的錘子並構建防禦。,Game Tips
TipArtillery/用火砲支持後方的戰鬥。 Cannoneer和rocketeer課程擅長摧毀強化的陣地。,Game Tips
TipFlagBearer/在戰場上游行你的派系的顏色。提高使用旗手級別時重新裝彈的速度。,Game Tips
TipWaveSpawn/在波浪中產卵。使用此作為組裝和組織的機會。,Game Tips
TipLimitedReinforcements/有限的增援！務必制定策略並進行協調。如果它們耗盡，你將無法再生成。,Game Tips
TipCapturePoints/控制和征服！在地圖周圍捍衛和捕捉目標以獲得勝利。捕獲的目標用作前向產卵位置。,Game Tips
TipStrategicCapture/一起玩！協調攻擊和製定戰略。除非您的團隊數量更多，否則無法捕獲目標。,Game Tips
TipSiegeAttackers/攻擊者！在計時器用完之前捕獲所有主要目標。協調攻擊並使用火砲突破防禦。 “孤獨的希望”造成的生命損失是必要的犧牲。,Game Tips
TipSiegeDefenders/捍衛者！防止攻擊部隊捕獲您的主要目標。你需要活下來，直到圓形計時器用完有限的加固。善用封面。,Game Tips
TipSingleLife/單身生活！如果你遇到了你的結局，你將不得不等待一輪完成才能重生。一定要好好利用它。,Game Tips
TipMeleeArena/在近戰競技場中最好的對手！制定戰略並罷工。阻擋是贏得比賽的關鍵。,Game Tips
TipDeathmatch/全力爭吵！達到一定數量的殺戮以獲得勝利。,Game Tips
TipSinkVessels/沉沒敵人的船！充分利用鏈條和圓形射擊來沉沒敵人的船隻。與您的船員配合，實現這一目標。,Game Tips
TipCoastalDefenders/捍衛者！防止入侵部隊捕獲你的沿海防禦工事。操縱堡壘的槍支，防止入侵者入侵。,Game Tips
TipCoastalAttackers/入侵者！捕獲對立陣營的防禦工事。在海軍陸戰隊員和船員登陸岸之前，充分利用火箭和大砲突破防禦陣地。,Game Tips
TipEquipSpyglass/視線遠距離的朋友或敵人。按[{0}]鍵配備望遠鏡。,Game Tips
TipEquipLantern/在黑暗中點亮你的方式或者知道你的位置。按[{0}]裝備燈籠。,Game Tips
TipRandomPiano/享受片刻的喘息時光，在鋼琴上演奏一些曲調。您可以在各種地圖上的建築物內找到它們。,Game Tips
TipClassStats/課程有自己獨特的特點，能力和裝備裝載。選擇“生成”菜單中的“屬性”和“設備”選項卡，以確定哪種類適合您的遊戲風格。,Game Tips
TipStunOpponent/當事情變得非常接近和個人化時，用近戰二次攻擊猛擊你的敵人。當使用近戰武器擊暈你的對手時按[{0}]。,Game Tips
Keys/Chinese (Traditional),Round Notifications
Round 0  Fight/第{0}輪  - 開戰！,Round Notifications
has joined the round/已加入回合,Round Notifications
has left the round/已離開回合,Round Notifications
Keys/Chinese (Traditional),Spawning UI Timer
Spawning/出生中,Spawning UI Timer
Keys/Chinese (Traditional),Death Screen Panel
Be careful next time/下次要小心,Death Screen Panel
Damaged your teammate/傷害隊友,Death Screen Panel
Deserter/逃兵,Death Screen Panel
Drowned/溺水,Death Screen Panel
Explosion Shrapnel/爆破彈片,Death Screen Panel
Failed to adhere by the rules/不遵守規定,Death Screen Panel
Fall Damage/墜落傷害,Death Screen Panel
Height/高度：,Death Screen Panel
Menu/菜單,Death Screen Panel
Slain by an Administrator/被管理員殺死,Death Screen Panel
Spectate/旁觀,Death Screen Panel
You Died/你死亡了,Death Screen Panel
You were killed by/擊殺你的是,Death Screen Panel
Keys/Chinese (Traditional),Pause Menu
Credits/貢獻人員名單,Pause Menu
Disconnect/斷開連接,Pause Menu
Discord/加入 Discord,Pause Menu
News/新聞,Pause Menu
Options/選項,Pause Menu
Profile/個人簡介,Pause Menu
Quit/退出遊戲,Pause Menu
Spawn/出生,Pause Menu
Keys/Chinese (Traditional),Options
Audio/Ambiance/環境,Options
Audio/Announcer/播音員,Options
Audio/Artillery/砲兵,Options
Audio/Audio/音頻,Options
Audio/Audio Device/音頻設備,Options
Audio/Character Phrases/Character Phrases,Options
Audio/Footsteps/腳步,Options
Audio/Listen Locally/測試麥克風,Options
Audio/Master/主要的,Options
Audio/Master Volumes/主音量,Options
Audio/Menu Music/菜單音樂,Options
Audio/Microphone/麥克風,Options
Audio/Music Volumes/音樂音量,Options
Audio/Musician Songs/樂手歌曲,Options
Audio/Speaker Mode/揚聲器模式,Options
Audio/The Speaker Mode can only be adjusted from the main menu/揚聲器模式只能從主菜單調整,Options
Audio/VOIP/VOIP,Options
Audio/Weapon Fire/武器射擊,Options
Audio/Weather/天氣,Options
Game/遊戲,Options
Game/Aiming Firearm/火槍瞄準,Options
Game/Auto Bayonet Switch/自動切換刺刀,Options
Game/Bounce/畫面跳動,Options
Game/Chat/RecruitChannel/招募頻道,Options
Game/Cinematic/DeadX/偏航靈敏度,Options
Game/Cinematic/DeadY/音高靈敏度,Options
Game/Cinematic/RotX/偏航速度,Options
Game/Cinematic/RotY/俯仰速度,Options
Game/CinematicCamera/電影攝影機,Options
Game/Crosshair/Blue/藍色,Options
Game/Crosshair/Crosshair Configuration/十字準線配置,Options
Game/Crosshair/Crosshair1/默認,Options
Game/Crosshair/Crosshair2/箭頭,Options
Game/Crosshair/Crosshair3/幻想,Options
Game/Crosshair/Crosshair4/線,Options
Game/Crosshair/Crosshair5/釘,Options
Game/Crosshair/DynamicCrosshair/動態十字準線,Options
Game/Crosshair/Green/綠色,Options
Game/Crosshair/Preview/預習,Options
Game/Crosshair/Red/紅色,Options
Game/Crosshair/Style/樣式,Options
Game/Crosshair/Transparency/透明度,Options
Game/Crosshair/WarningMessage/十字準線變化僅在產卵時可見,Options
Game/Custom Name/自定義名稱,Options
Game/Field Of View/視野,Options
Game/Freeflight/CinematicMode/電影模式,Options
Game/Freeroam Camera/自由游動攝像頭,Options
Game/Global Sensitivity/全局靈敏度,Options
Game/Invert Mouse Y/反轉滑鼠Y軸,Options
Game/Maximum Corpses/最大尸體數量,Options
Game/Melee Cam Distance/近戰鏡頭距離,Options
Game/Melee Combat/近戰格鬥,Options
Game/Mouse Sensitivity/滑鼠靈敏度,Options
Game/Normal Speed/正常速度,Options
Game/Other/其他,Options
Game/Playe Name Settings can only be adjusted from the Main Menu/玩家名稱只能在主菜單修改,Options
Game/Player Name/玩家名稱,Options
Game/Ragdoll Corpses/物理尸體,Options
Game/Same Attack Sensitivity/相同的攻擊靈敏度,Options
Game/Seconds InGame/持續秒數,Options
Game/Show Player Names/顯示玩家姓名,Options
Game/UI/Broadcasted Messages/廣播訊息,Options
Game/UI/Buffs Indicators/BUFFs提示,Options
Game/UI/CenterScreen Dot/中心標點,Options
Game/UI/Chat/聊天,Options
Game/UI/Crosshair/瞄準星,Options
Game/UI/Friendly Indicator/友軍指示符,Options
Game/UI/Friendly Nametags/友軍名稱,Options
Game/UI/Health  Weapon/生命值和武器,Options
Game/UI/Interaction Indicators/互動指標,Options
Game/UI/Kill Feed/擊殺反饋,Options
Game/UI/LatencyIndicator/延遲指標,Options
Game/UI/LatencyWarning/延遲警告,Options
Game/UI/Minimap/小地圖,Options
Game/UI/Objectives Panel/目標版面,Options
Game/UI/Personal Score/個人得分,Options
Game/UI/Player Joined Notifications/玩家加入的通知,Options
Game/UI/Reload Indicator/重新裝填提示,Options
Game/UI/Round Info Panel/回合信息面板,Options
Game/UI/Show Announcer/節目播音員,Options
Game/UI/Show Server Name/顯示服務器名字,Options
Game/UI/Spectating Text/旁觀文本,Options
Game/UI/VOIP Markers/VOIP標記,Options
Game/Upload Error Log/上傳錯誤日誌,Options
Game/Use Steam Name/使用Steam名稱,Options
Game/UI/EmplacementHealthIndicator/安置健康指標,Options
Game/UI/OfficerOrderLineIndicatorMarker/官員線指示標記,Options
Game/UI/OfficerOrderReinforceIndicatorMarker/官員加強指標標記,Options
Game/User Interface/用戶界面,Options
Keys/按鍵,Options
Keys/1st 3rd Person Camera/第1第3人稱視角,Options
Keys/Administration Console/管理員控制台,Options
Keys/Aim Firearm/瞄準,Options
Keys/Artillery Weapons/炮兵武器,Options
Keys/Auto Run/自動奔跑,Options
Keys/Backward/後退,Options
Keys/Cameras/攝像機,Options
Keys/Change Chat Channel/改變語音頻道,Options
Keys/Chat/文字聊天,Options
Keys/ChatTitle/聊天配置,Options
Keys/Communications/交流,Options
Keys/Crouch/下蹲,Options
Keys/Down/下,Options
Keys/Equip Lantern/裝備提燈,Options
Keys/Equip Musical Instrument/裝備樂器,Options
Keys/Equip Spyglass/裝備望遠鏡,Options
Keys/Fire Firearm/開火,Options
Keys/Firearm Weapons/火槍,Options
Keys/Forward/前進,Options
Keys/Freeroam Camera/自由漫遊視角,Options
Keys/Interact/交互,Options
Keys/Inventory/物品欄,Options
Keys/Jump/跳躍,Options
Keys/Last Voice Command/上一個語音命令,Options
Keys/Left/左移,Options
Keys/Lower Next Sail/卸下下一面船帆,Options
Keys/Melee Attack/近戰攻擊,Options
Keys/Melee Block/近戰格鬥,Options
Keys/Melee Weapons/近戰武器,Options
Keys/Melee Bash/近戰狂歡,Options
Keys/Miscellaneous/雜項,Options
Keys/Move Backwards/後退,Options
Keys/Move Forward/前進,Options
Keys/Movement/移動,Options
Keys/Musicians/樂手,Options
Keys/Mute Players Window/靜音玩家窗口,Options
Keys/Open Music Panel/打開音樂版面,Options
Keys/Orbit Camera/軌跡視角,Options
Keys/Patriotic Cheer/戰吼,Options
Keys/Push To Talk/按鍵說話,Options
Keys/Raise Next Sail/升起下一面船帆,Options
Keys/Reload Firearm/重新裝填,Options
Keys/Right/右,Options
Keys/Rotate Down/向下轉,Options
Keys/Rotate Left/向左轉,Options
Keys/Rotate Right/向右轉,Options
Keys/Rotate Up/向上轉,Options
Keys/Row Backwards/向後划,Options
Keys/Row Boats/划船,Options
Keys/Row Forward/向前划,Options
Keys/Sailing Ships/駕駛帆船,Options
Keys/Scoreboard/得分板,Options
Keys/Shout Insult/嘲諷,Options
Keys/Sprint/奔跑,Options
Keys/Steer Left/左轉舵,Options
Keys/Steer Right/右轉舵,Options
Keys/Stop Playing Song/停止演奏,Options
Keys/Strafe Left/左移,Options
Keys/Strafe Right/右移,Options
Keys/Toggle Melee Firearm/切換火槍近戰,Options
Keys/Toggle User Interface/切換用戶界面,Options
Keys/ReinforceOrder/加強秩序,Options
Keys/FormLineOrder/表格行順序,Options
Keys/FireAtWillOrder/意誌著火,Options
Keys/ChargeOrder/收費單,Options
Keys/MakeReady/做好準備,Options
Keys/Fire/消防令,Options
Keys/CeaseFire/停火命令,Options
Keys/BreakRankAndFollow/打破排名並遵循順序,Options
Keys/Up/上,Options
Keys/Voices Panel/語音版面,Options
Keys/ModeSelection/模式選擇,Options
Keys/Sappers/工兵,Options
Keys/Officers/長官,Options
Keys/ToggleOfficerWindow/發布訂單欄,Options
Keys/EquipHammer/裝備錘子,Options
Keys/Walk Run/走/跑,Options
Options/選項,Options
Sprint Speed/奔跑速度,Options
Values/1800s/1800s,Options
Values/Default/默認,Options
Values/Extreme/極致,Options
Values/FXAA/FXAA,Options
Values/Gritty/Gritty,Options
Values/High/高,Options
Values/KeyCodes/Back Quote/~,Options
Values/KeyCodes/Backspace/Backspace,Options
Values/KeyCodes/Down Arrow/↓,Options
Values/KeyCodes/Enter/Enter,Options
Values/KeyCodes/Left Alt/左Alt,Options
Values/KeyCodes/Left Arrow/←,Options
Values/KeyCodes/Left Click/左鍵,Options
Values/KeyCodes/Left Control/左Ctrl,Options
Values/KeyCodes/Left Shift/左Shift,Options
Values/KeyCodes/Middle Click/中鍵,Options
Values/KeyCodes/Mouse Button 3/滑鼠按鍵3,Options
Values/KeyCodes/Mouse Button 4/滑鼠按鍵4,Options
Values/KeyCodes/Mouse Button 5/滑鼠按鍵5,Options
Values/KeyCodes/Mouse Button 6/滑鼠按鍵6,Options
Values/KeyCodes/Right Alt/右Alt,Options
Values/KeyCodes/Right Arrow/→,Options
Values/KeyCodes/Right Click/右鍵,Options
Values/KeyCodes/Right Control/右Ctrl,Options
Values/KeyCodes/Scroll Lock/Scroll Lock,Options
Values/KeyCodes/Space/空格,Options
Values/KeyCodes/Tab/Tab,Options
Values/KeyCodes/Up Arrow/↑,Options
Values/Low/低,Options
Values/Medium/中,Options
Values/Normal/普通,Options
Values/Off/關閉,Options
Values/SpeakerMode/5 Speaker Surround/5揚聲器環繞聲,Options
Values/SpeakerMode/51 Surround/5.1環繞聲,Options
Values/SpeakerMode/71 Surround/7.1環繞聲,Options
Values/SpeakerMode/Dolby Pro Logic 51/杜比定向邏輯5.1,Options
Values/SpeakerMode/Mono/單聲道,Options
Values/SpeakerMode/Quad/四聲道,Options
Values/SpeakerMode/Stereo/雙聲道,Options
Values/TAA/TAA,Options
Values/Ultra/超高,Options
Values/Very High/非常高,Options
Values/Very Low/非常低,Options
Video/視像,Options
Video/Advanced/高級的,Options
Video/Ambient Occlusion/環境光遮蔽,Options
Video/Anisotropic Textures/各向異性紋理,Options
Video/Antialiasing/抗鋸齒,Options
Video/Blend Weights/動畫質量,Options
Video/Bloom/光亮,Options
Video/Brightness/亮度,Options
Video/Cannonball Trails/炮彈軌跡,Options
Video/Color Adjustments/顏色調整,Options
Video/Color Profile/顏色調整,Options
Video/Contact Shadows/觸點陰影,Options
Video/Contrast/對比度,Options
Video/Depth Of Field/景深,Options
Video/Display/顯示,Options
Video/FPS Limit/FPS限制,Options
Video/Framerate/幀速率,Options
Video/Fullscreen/全屏,Options
Video/Graphics Preset/圖像預設,Options
Video/Grass Density/草叢密度,Options
Video/Grass Distance/草叢距離,Options
Video/LOD Quality/LOD質量,Options
Video/Lens Dirt Effects/鏡頭污垢效果,Options
Video/Lens Flare/鏡頭光暈,Options
Video/Ocean Quality/海洋質量,Options
Video/Resolution/分辨率,Options
Video/Shadow Distance/陰影距離,Options
Video/Shadow Quality/陰影質量,Options
Video/Sharpen Image/銳化圖像,Options
Video/Skybox Quality/天空盒質量,Options
Video/Sun Rays/光線,Options
Video/Texture Quality/紋理質量,Options
Video/VSYNC/垂直同步,Options
Video/Vignetting/漸暈,Options
Video/Volumetric Lights/體積燈,Options
Values/ShortKeyCodes/BackQuote/`,Options
Values/ShortKeyCodes/Backspace/BCK,Options
Values/ShortKeyCodes/Return/ENT,Options
Values/ShortKeyCodes/UpArrow/ARU,Options
Values/ShortKeyCodes/LeftArrow/ARL,Options
Values/ShortKeyCodes/RightArrow/ARR,Options
Values/ShortKeyCodes/DownArrow/ARD,Options
Values/ShortKeyCodes/Mouse0/LMB,Options
Values/ShortKeyCodes/Mouse1/RMB,Options
Values/ShortKeyCodes/Mouse2/MMB,Options
Values/ShortKeyCodes/Mouse3/MB3,Options
Values/ShortKeyCodes/Mouse4/MB4,Options
Values/ShortKeyCodes/Mouse5/MB5,Options
Values/ShortKeyCodes/Mouse6/MB6,Options
Values/ShortKeyCodes/LeftControl/LCT,Options
Values/ShortKeyCodes/RightControl/RCT,Options
Values/ShortKeyCodes/LeftShift/LSH,Options
Values/ShortKeyCodes/RightShift/RSH,Options
Values/ShortKeyCodes/LeftAlt/LAT,Options
Values/ShortKeyCodes/RightAlt/RAT,Options
Values/ShortKeyCodes/Space/SPC,Options
Values/ShortKeyCodes/Tab/TAB,Options
Values/ShortKeyCodes/Insert/INS,Options
Values/ShortKeyCodes/Home/HOM,Options
Values/ShortKeyCodes/Alpha0/0,Options
Values/ShortKeyCodes/Alpha1/1,Options
Values/ShortKeyCodes/Alpha2/2,Options
Values/ShortKeyCodes/Alpha3/3,Options
Values/ShortKeyCodes/Alpha4/4,Options
Values/ShortKeyCodes/Alpha5/5,Options
Values/ShortKeyCodes/Alpha6/6,Options
Values/ShortKeyCodes/Alpha7/7,Options
Values/ShortKeyCodes/Alpha8/8,Options
Values/ShortKeyCodes/Alpha9/9,Options
Values/ShortKeyCodes/Keypad0/K0,Options
Values/ShortKeyCodes/Keypad1/K1,Options
Values/ShortKeyCodes/Keypad2/K2,Options
Values/ShortKeyCodes/Keypad3/K3,Options
Values/ShortKeyCodes/Keypad4/K4,Options
Values/ShortKeyCodes/Keypad5/K5,Options
Values/ShortKeyCodes/Keypad6/K6,Options
Values/ShortKeyCodes/Keypad7/K7,Options
Values/ShortKeyCodes/Keypad8/K8,Options
Values/ShortKeyCodes/Keypad9/K9,Options
Values/ShortKeyCodes/KeypadPeriod/.,Options
Values/ShortKeyCodes/KeypadDivide//,Options
Values/ShortKeyCodes/KeypadMultiply/*,Options
Values/ShortKeyCodes/KeypadMinus/MIN,Options
Values/ShortKeyCodes/KeypadPlus/+,Options
Values/ShortKeyCodes/KeypadEnter/ENT,Options
Values/ShortKeyCodes/KeypadEquals/=,Options
Values/ShortKeyCodes/PageUp/PGU,Options
Values/ShortKeyCodes/PageDown/PGD,Options
Values/ShortKeyCodes/Numlock/NLK,Options
Values/ShortKeyCodes/CapsLock/CLK,Options
Values/ShortKeyCodes/ScrollLock/SLK,Options
Values/ShortKeyCodes/Help/HLP,Options
Values/ShortKeyCodes/Print/PRT,Options
Values/ShortKeyCodes/SysReq/SYS,Options
Values/ShortKeyCodes/Break/BRK,Options
Values/ShortKeyCodes/Menu/MNU,Options
Values/ShortKeyCodes/RightBracket/],Options
Values/ShortKeyCodes/LeftBracket/[,Options
Values/ShortKeyCodes/Backslash/\,Options
Values/ShortKeyCodes/Equals/=,Options
Values/ShortKeyCodes/Semicolon/;,Options
Values/ShortKeyCodes/Colon/:,Options
Values/ShortKeyCodes/Slash//,Options
Values/ShortKeyCodes/Period/.,Options
Values/ShortKeyCodes/Minus/MIN,Options
"Values/ShortKeyCodes/Comma/,",Options
Values/ShortKeyCodes/Plus/+,Options
Values/ShortKeyCodes/Asterisk/*,Options
Values/ShortKeyCodes/Quote/',Options
Values/ShortKeyCodes/Pause/PSE,Options
Values/ShortKeyCodes/Escape/ESC,Options
Values/ShortKeyCodes/Clear/CLR,Options
Video/Preset/預置,Options
Keys/Chinese (Traditional),Change Language Panel
Change/更改,Change Language Panel
Change Language/改變語言,Change Language Panel
Language/語言,Change Language Panel
Languages/語言,Change Language Panel
Keys/Chinese (Traditional),Main Menu Development Panel
Forum/Forum,Main Menu Development Panel
Join Discord Participate in organised events/Join Discord! Participate in organised events.,Main Menu Development Panel
Report a bug/Report bug,Main Menu Development Panel
Thank you for supporting Holdfast Nations At War/Thank you for supporting Holdfast: Nations At War!,Main Menu Development Panel
View roadmap/View roadmap,Main Menu Development Panel
We are actively developing the game based on community feedback Work on improving melee combat is ongoing to continue promote competitiveness  Anvil Game Studios/We are actively developing the game based on community feedback. Work on improving melee combat is ongoing to continue promote competitiveness. - <b>Anvil Game Studios</b>,Main Menu Development Panel
Keys/Chinese (Traditional),Connection Errors
AlreadyConnectedHeader/已經連接,Connection Errors
YouAreStillConnected/您仍然連接到服務器。等待一會兒，然後再嘗試重新加入。,Connection Errors
BannedByAdministratorHeader/被管理員禁止,Connection Errors
DeniedAccessToTheServer/您被拒絕訪問服務器。,Connection Errors
ContactServerAdministratorToAppeal/聯繫相關服務器管理員以申請禁令。,Connection Errors
KickedByAdministratorHeader/被管理員踢了,Connection Errors
YouHaveBeenKickedByAnAdministrator/你被管理員踢了。,Connection Errors
EnsureToAbideByTheRules/確保您遵守服務器的規則。,Connection Errors
GameClientNotUpdatedHeader/遊戲客戶端未更新,Connection Errors
GameClientNotUpdated/Holdfast：戰爭中的國家已經更新！重新啟動遊戲以下載最新版本。,Connection Errors
DownloadBySteamInstructionTitle/您可以通過執行以下操作強制Steam下載最新版本：,Connection Errors
"DownloadBySteamInstructionBody/1.退出Holdfast：戰爭中的國家。
2.在Steam遊戲庫中找到Holdfast：Nations At War。
3.右鍵單擊Holdfast：Nations At War，然後從下拉菜單中選擇“屬性”。
4.轉到“本地文件”選項卡。
5.單擊“驗證遊戲文件的完整性...”按鈕。
6.等到Steam完成驗證遊戲文件然後重新啟動遊戲。",Connection Errors
GameServerNotUpdatedHeader/遊戲服務器未更新,Connection Errors
GameServerNotUpdated/遊戲服務器不及最新版本的Holdfast：Nations War。,Connection Errors
ContactServerAdminToUpdateServer/請與相關服務器管理員聯繫以更新服務器。,Connection Errors
PasswordIsIncorrectHeader/密碼不正確,Connection Errors
EnteredPasswordIsIncorrect/您輸入密碼不正確。,Connection Errors
PasswordsAreCaseSensitive/密碼區分大小寫。確保未啟用“大寫鎖定”鍵。,Connection Errors
GameServerIsFullHeader/遊戲服務器已滿,Connection Errors
GameServerCurrentlyFull/遊戲服務器目前已滿。,Connection Errors
JoinAnotherServerOrWaitForSlot/請加入其他服務器或等到插槽可用。,Connection Errors
ServerShutdownHeader/服務器關機,Connection Errors
ServerWasShutdown/服務器已關閉。請加入其他服務器繼續播放。,Connection Errors
DisconnectedHeader/斷開的,Connection Errors
YouHaveBeenDisconnected/你已經與服務器斷開連接。,Connection Errors
YouMustBeConnectedToSteam/確保您沒有在“離線模式”下運行Steam。您必須連接到Steam才能玩。,Connection Errors
UnableToConnectHeader/無法連接,Connection Errors
CheckInternetConnectionStability/您無法連接到服務器。確保您的互聯網連接穩定。,Connection Errors
TroubleshootInstructionHeader/還建議嘗試以下故障排除方法：,Connection Errors
"TroubleshootInstructionBody/1.退出然後再回到Steam上。
2.重新啟動Internet連接。
3.重新啟動路由器。
4.暫時禁用可能阻止連接的任何防病毒或防火牆。
5.確保您沒有在VPN後面操作。
6.通過Steam驗證遊戲文件的完整性。
7.確保您沒有在“離線模式”下運行Steam。您必須連接到Steam才能玩。
8.轉到'\ AppData \ LocalLow \ Anvil Game Studio'並刪除'Holdfast NaW'文件夾。
8.2。備份'muteplayerschat'和'muteplayersvoip'文本文件，因為它們包含您的靜音播放器信息。
9.嘗試通過Steam上的朋友聯繫。
10.嘗試使用其他互聯網連接（如果有）。",Connection Errors
RequestFurtherAssistance/請求Discord的進一步幫助。錯誤ID為{0}。,Connection Errors
SteamUnableToAuthenticateHeader/蒸汽無法驗證,Connection Errors
"AuthenticateInstructionBody/您無法通過Steam進行身份驗證。您必須連接到Steam才能玩。
嘗試以下故障排除方法：

1.退出Steam。
2.重新登錄Steam。
3.重新啟動Holdfast：戰爭中的國家。",Connection Errors
ServerMessageHeader/服務器消息,Connection Errors
SteamConnectionHeader/蒸汽連接,Connection Errors
Keys/Chinese (Traditional),Dialog Buttons
No/否,Dialog Buttons
Ok/好,Dialog Buttons
Yes/是,Dialog Buttons
Keys/Chinese (Traditional),Capture Point Notification Pane
Objective 0 lost/目標{0}丟失,Capture Point Notification Pane
Objective 0 taken/已採用目標{0},Capture Point Notification Pane
Keys/Chinese (Traditional),Notifications
Ammobox/Ammobox,Notifications
Assister/你正在協助其他玩家移動大砲。,Notifications
BorderWarning/你在離開戰場。快回頭！,Notifications
BuildingMode/建造,Notifications
CanPlaceLadder/你可以把梯子放在這個位置。,Notifications
CannotLoad/你無法在這種火砲中加載你的彈藥。,Notifications
CannotPlaceObject/您無法在此處放置對象。,Notifications
Chair/椅子,Notifications
ChevauxDeFriseLarge/Chevaux De Frize（l）,Notifications
ChevauxDeFriseSmall/Chevaux De Frize（s）,Notifications
DeconstructMode/解構,Notifications
Earthworks/土方工程,Notifications
EmplacementBuildLimitExceeded/無法建造{0}，因為此類型的建築物太多。,Notifications
EmplacementPlaced/已放置{0}。,Notifications
EnemyShipCaptured/我們抓住了敵人的船隻{0}！,Notifications
EnemyShipSunk/我們沉沒了敵人的船隻{0}！,Notifications
ExitPositionError/加農炮的位置太靠近物體。你無法瞄準。,Notifications
ExplosiveBarrel/爆炸桶,Notifications
FriendlyShipCaptured/盟軍船隻{0}已被捕獲！,Notifications
FriendlyShipSunk/盟軍船隻{0}已經沉沒！,Notifications
Gabion/石籠,Notifications
HammerConstructMode/構造,Notifications
HammerDeconstructMode/解構,Notifications
HammerNotEquipped/你需要一把錘子來執行這個動作。,Notifications
InfantryStakes/步兵賭注,Notifications
Kicked/Cannoneer控制了這種火砲。,Notifications
LadderAssistJoined/一名球員正在協助你。梯子現在可以更快的速度運送。,Notifications
LadderAssistLeft/你不再受到幫助了。,Notifications
LadderAssister/你正在協助其他玩家移動梯子。,Notifications
LadderKicked/一個木匠控制了這個階梯。,Notifications
LadderMover/你可以控制階梯。按“{0}”繼續前進。,Notifications
LadderPlacedInPosition/梯子已放置在其位置。您可以按“{0}”來升高階梯。,Notifications
Limit/限制,Notifications
LoadingPositionError/加農炮的位置太靠近物體。你無法加載。,Notifications
MaterialPoints/物質點,Notifications
Materials/物料,Notifications
Mover/你可以控制大砲。按“{0}”繼續前進。,Notifications
NeedAmmo/你沒有攜帶任何彈藥。,Notifications
None/沒有,Notifications
NotEnoughMaterials/您的陣營沒有足夠的材料來構建此對象。,Notifications
Palisade/柵欄,Notifications
RammingPositionError/加農炮的位置太靠近物體。你無法撞擊。,Notifications
RocketAssister/你正在協助其他玩家移動火箭發射器。,Notifications
RocketAssisterJoined/一名球員正在協助你。現在可以以更快的速度攜帶發射器。,Notifications
RocketAssisterLeft/你不再受到幫助了。,Notifications
RocketCannotMount/火箭發射器無法在靠近物體的地方解壓縮。你無法在這裡打開包裝。,Notifications
RocketKicked/{0}控制了這門砲。,Notifications
RocketMover/你可以控制火箭發射器。按“{0}”繼續前進。,Notifications
RocketPlayerClassCannotDismount/你必須是一個Cannoneer或Rocketeer才能打包火箭發射器。,Notifications
RocketPlayerClassCannotMount/您必須是Cannoneer或Rocketeer來打開火箭發射器的包裝。,Notifications
RocketStack/火箭堆棧,Notifications
RowboatAssist/你正在協助其他玩家操縱划艇。,Notifications
RowboatSpawnBlocked/無法發射划艇。產卵受阻。,Notifications
Sandbag/沙袋,Notifications
SelectionMode/模式選擇器,Notifications
ShootingPlatform/柵欄平台,Notifications
SpadeConstructMode/挖,Notifications
SpadeDeconstructMode/Undig,Notifications
SwitchedSapperMode/切換模式為{0},Notifications
SwivelGun/旋轉槍,Notifications
SwivelGunCannotCarryByClass/你必須是一個工兵來攜帶旋轉槍。,Notifications
TooManyItemsLimit/你的陣營無法構建更多此對象。,Notifications
Keys/Chinese (Traditional),Warning Indicators
High Ping/高延遲,Warning Indicators
Unstable Ping/延遲不穩定,Warning Indicators
Server Performance/伺服器FPS,Warning Indicators
Client Performance/客戶端FPS,Warning Indicators
